item,date,close
AAPL,2022-01-03,182.01
AAPL,2022-01-04,179.7
AAPL,2022-01-05,174.92
AAPL,2022-01-06,172.0
AAPL,2022-01-07,172.17
AAPL,2022-01-10,172.19
AAPL,2022-01-11,175.08
AAPL,2022-01-12,175.53
AAPL,2022-01-13,172.19
AAPL,2022-01-14,173.07
AAPL,2022-01-18,169.8
AAPL,2022-01-19,166.23
AAPL,2022-01-20,164.51
AAPL,2022-01-21,162.41
AAPL,2022-01-24,161.62
AAPL,2022-01-25,159.78
AAPL,2022-01-26,159.69
AAPL,2022-01-27,159.22
AAPL,2022-01-28,170.33
AAPL,2022-01-31,174.78
AAPL,2022-02-01,174.61
AAPL,2022-02-02,175.84
AAPL,2022-02-03,172.9
AAPL,2022-02-04,172.39
AAPL,2022-02-07,171.66
AAPL,2022-02-08,174.83
AAPL,2022-02-09,176.28
AAPL,2022-02-10,172.12
AAPL,2022-02-11,168.64
AAPL,2022-02-14,168.88
AAPL,2022-02-15,172.79
AAPL,2022-02-16,172.55
AAPL,2022-02-17,168.88
AAPL,2022-02-18,167.3
AAPL,2022-02-22,164.32
AAPL,2022-02-23,160.07
AAPL,2022-02-24,162.74
AAPL,2022-02-25,164.85
AAPL,2022-02-28,165.12
AAPL,2022-03-01,163.2
AAPL,2022-03-02,166.56
AAPL,2022-03-03,166.23
AAPL,2022-03-04,163.17
AAPL,2022-03-07,159.3
AAPL,2022-03-08,157.44
AAPL,2022-03-09,162.95
AAPL,2022-03-10,158.52
AAPL,2022-03-11,154.73
AAPL,2022-03-14,150.62
AAPL,2022-03-15,155.09
AAPL,2022-03-16,159.59
AAPL,2022-03-17,160.62
AAPL,2022-03-18,163.98
AAPL,2022-03-21,165.38
AAPL,2022-03-22,168.82
AAPL,2022-03-23,170.21
AAPL,2022-03-24,174.07
AAPL,2022-03-25,174.72
AAPL,2022-03-28,175.6
AAPL,2022-03-29,178.96
AAPL,2022-03-30,177.77
AAPL,2022-03-31,174.61
AAPL,2022-04-01,174.31
AAPL,2022-04-04,178.44
AAPL,2022-04-05,175.06
AAPL,2022-04-06,171.83
AAPL,2022-04-07,172.14
AAPL,2022-04-08,170.09
AAPL,2022-04-11,165.75
AAPL,2022-04-12,167.66
AAPL,2022-04-13,170.4
AAPL,2022-04-14,165.29
AAPL,2022-04-18,165.07
AAPL,2022-04-19,167.4
AAPL,2022-04-20,167.23
AAPL,2022-04-21,166.42
AAPL,2022-04-22,161.79
AAPL,2022-04-25,162.88
AAPL,2022-04-26,156.8
AAPL,2022-04-27,156.57
AAPL,2022-04-28,163.64
AAPL,2022-04-29,157.65
AAPL,2022-05-02,157.96
AAPL,2022-05-03,159.48
AAPL,2022-05-04,166.02
AAPL,2022-05-05,156.77
AAPL,2022-05-06,157.28
AAPL,2022-05-09,152.06
AAPL,2022-05-10,154.51
AAPL,2022-05-11,146.5
AAPL,2022-05-12,142.56
AAPL,2022-05-13,147.11
AAPL,2022-05-16,145.54
AAPL,2022-05-17,149.24
AAPL,2022-05-18,140.82
AAPL,2022-05-19,137.35
AAPL,2022-05-20,137.59
AAPL,2022-05-23,143.11
AAPL,2022-05-24,140.36
AAPL,2022-05-25,140.52
AAPL,2022-05-26,143.78
AAPL,2022-05-27,149.64
AAPL,2022-05-31,148.84
AAPL,2022-06-01,148.71
AAPL,2022-06-02,151.21
AAPL,2022-06-03,145.38
AAPL,2022-06-06,146.14
AAPL,2022-06-07,148.71
AAPL,2022-06-08,147.96
AAPL,2022-06-09,142.64
AAPL,2022-06-10,137.13
AAPL,2022-06-13,131.88
AAPL,2022-06-14,132.76
AAPL,2022-06-15,135.43
AAPL,2022-06-16,130.06
AAPL,2022-06-17,131.56
AAPL,2022-06-21,135.87
AAPL,2022-06-22,135.35
AAPL,2022-06-23,138.27
AAPL,2022-06-24,141.66
AAPL,2022-06-27,141.66
AAPL,2022-06-28,137.44
AAPL,2022-06-29,139.23
AAPL,2022-06-30,136.72
AAPL,2022-07-01,138.93
AAPL,2022-07-05,141.56
AAPL,2022-07-06,142.92
AAPL,2022-07-07,146.35
AAPL,2022-07-08,147.04
AAPL,2022-07-11,144.87
AAPL,2022-07-12,145.86
AAPL,2022-07-13,145.49
AAPL,2022-07-14,148.47
AAPL,2022-07-15,150.17
AAPL,2022-07-18,147.07
AAPL,2022-07-19,151.0
AAPL,2022-07-20,153.04
AAPL,2022-07-21,155.35
AAPL,2022-07-22,154.09
AAPL,2022-07-25,152.95
AAPL,2022-07-26,151.6
AAPL,2022-07-27,156.79
AAPL,2022-07-28,157.35
AAPL,2022-07-29,162.51
AAPL,2022-08-01,161.51
AAPL,2022-08-02,160.01
AAPL,2022-08-03,166.13
AAPL,2022-08-04,165.81
AAPL,2022-08-05,165.35
AAPL,2022-08-08,164.87
AAPL,2022-08-09,164.92
AAPL,2022-08-10,169.24
AAPL,2022-08-11,168.49
AAPL,2022-08-12,172.1
AAPL,2022-08-15,173.19
AAPL,2022-08-16,173.03
AAPL,2022-08-17,174.55
AAPL,2022-08-18,174.15
AAPL,2022-08-19,171.52
AAPL,2022-08-22,167.57
AAPL,2022-08-23,167.23
AAPL,2022-08-24,167.53
AAPL,2022-08-25,170.03
AAPL,2022-08-26,163.62
AAPL,2022-08-29,161.38
AAPL,2022-08-30,158.91
AAPL,2022-08-31,157.22
AAPL,2022-09-01,157.96
AAPL,2022-09-02,155.81
AAPL,2022-09-06,154.53
AAPL,2022-09-07,155.96
AAPL,2022-09-08,154.46
AAPL,2022-09-09,157.37
AAPL,2022-09-12,163.43
AAPL,2022-09-13,153.84
AAPL,2022-09-14,155.31
AAPL,2022-09-15,152.37
AAPL,2022-09-16,150.7
AAPL,2022-09-19,154.48
AAPL,2022-09-20,156.9
AAPL,2022-09-21,153.72
AAPL,2022-09-22,152.74
AAPL,2022-09-23,150.43
AAPL,2022-09-26,150.77
AAPL,2022-09-27,151.76
AAPL,2022-09-28,149.84
AAPL,2022-09-29,142.48
AAPL,2022-09-30,138.2
AAPL,2022-10-03,142.45
AAPL,2022-10-04,146.1
AAPL,2022-10-05,146.4
AAPL,2022-10-06,145.43
AAPL,2022-10-07,140.09
AAPL,2022-10-10,140.42
AAPL,2022-10-11,138.98
AAPL,2022-10-12,138.34
AAPL,2022-10-13,142.99
AAPL,2022-10-14,138.38
AAPL,2022-10-17,142.41
AAPL,2022-10-18,143.75
AAPL,2022-10-19,143.86
AAPL,2022-10-20,143.39
AAPL,2022-10-21,147.27
AAPL,2022-10-24,149.45
AAPL,2022-10-25,152.34
AAPL,2022-10-26,149.35
AAPL,2022-10-27,144.8
AAPL,2022-10-28,155.74
AAPL,2022-10-31,153.34
AAPL,2022-11-01,150.65
AAPL,2022-11-02,145.03
AAPL,2022-11-03,138.88
AAPL,2022-11-04,138.38
AAPL,2022-11-07,138.92
AAPL,2022-11-08,139.5
AAPL,2022-11-09,134.87
AAPL,2022-11-10,146.87
AAPL,2022-11-11,149.7
AAPL,2022-11-14,148.28
AAPL,2022-11-15,150.04
AAPL,2022-11-16,148.79
AAPL,2022-11-17,150.72
AAPL,2022-11-18,151.29
AAPL,2022-11-21,148.01
AAPL,2022-11-22,150.18
AAPL,2022-11-23,151.07
AAPL,2022-11-25,148.11
AAPL,2022-11-28,144.22
AAPL,2022-11-29,141.17
AAPL,2022-11-30,148.03
AAPL,2022-12-01,148.31
AAPL,2022-12-02,147.81
AAPL,2022-12-05,146.63
AAPL,2022-12-06,142.91
AAPL,2022-12-07,140.94
AAPL,2022-12-08,142.65
AAPL,2022-12-09,142.16
AAPL,2022-12-12,144.49
AAPL,2022-12-13,145.47
AAPL,2022-12-14,143.21
AAPL,2022-12-15,136.5
AAPL,2022-12-16,134.51
AAPL,2022-12-19,132.37
AAPL,2022-12-20,132.3
AAPL,2022-12-21,135.45
AAPL,2022-12-22,132.23
AAPL,2022-12-23,131.86
AAPL,2022-12-27,130.03
AAPL,2022-12-28,126.04
AAPL,2022-12-29,129.61
AAPL,2022-12-30,129.93
AAPL,2023-01-03,125.07
AAPL,2023-01-04,126.36
AAPL,2023-01-05,125.02
AAPL,2023-01-06,129.62
AAPL,2023-01-09,130.15
AAPL,2023-01-10,130.73
AAPL,2023-01-11,133.49
AAPL,2023-01-12,133.41
AAPL,2023-01-13,134.76
AAPL,2023-01-17,135.94
AAPL,2023-01-18,135.21
AAPL,2023-01-19,135.27
AAPL,2023-01-20,137.87
AAPL,2023-01-23,141.11
AAPL,2023-01-24,142.53
AAPL,2023-01-25,141.86
AAPL,2023-01-26,143.96
AAPL,2023-01-27,145.93
AAPL,2023-01-30,143.0
AAPL,2023-01-31,144.29
AAPL,2023-02-01,145.43
AAPL,2023-02-02,150.82
AAPL,2023-02-03,154.5
AAPL,2023-02-06,151.73
AAPL,2023-02-07,154.65
AAPL,2023-02-08,151.92
AAPL,2023-02-09,150.87
AAPL,2023-02-10,151.01
AAPL,2023-02-13,153.85
AAPL,2023-02-14,153.2
AAPL,2023-02-15,155.33
AAPL,2023-02-16,153.71
AAPL,2023-02-17,152.55
AAPL,2023-02-21,148.48
AAPL,2023-02-22,148.91
AAPL,2023-02-23,149.4
AAPL,2023-02-24,146.71
AAPL,2023-02-27,147.92
AAPL,2023-02-28,147.41
AAPL,2023-03-01,145.31
AAPL,2023-03-02,145.91
AAPL,2023-03-03,151.03
AAPL,2023-03-06,153.83
AAPL,2023-03-07,151.6
AAPL,2023-03-08,152.87
AAPL,2023-03-09,150.59
AAPL,2023-03-10,148.5
AAPL,2023-03-13,150.47
AAPL,2023-03-14,152.59
AAPL,2023-03-15,152.99
AAPL,2023-03-16,155.85
AAPL,2023-03-17,155.0
AAPL,2023-03-20,157.4
AAPL,2023-03-21,159.28
AAPL,2023-03-22,157.83
AAPL,2023-03-23,158.93
AAPL,2023-03-24,160.25
AAPL,2023-03-27,158.28
AAPL,2023-03-28,157.65
AAPL,2023-03-29,160.77
AAPL,2023-03-30,162.36
AAPL,2023-03-31,164.9
AAPL,2023-04-03,166.17
AAPL,2023-04-04,165.63
AAPL,2023-04-05,163.76
AAPL,2023-04-06,164.66
AAPL,2023-04-10,162.03
AAPL,2023-04-11,160.8
AAPL,2023-04-12,160.1
AAPL,2023-04-13,165.56
AAPL,2023-04-14,165.21
AAPL,2023-04-17,165.23
AAPL,2023-04-18,166.47
AAPL,2023-04-19,167.63
AAPL,2023-04-20,166.65
AAPL,2023-04-21,165.02
AAPL,2023-04-24,165.33
AAPL,2023-04-25,163.77
AAPL,2023-04-26,163.76
AAPL,2023-04-27,168.41
AAPL,2023-04-28,169.68
AAPL,2023-05-01,169.59
AAPL,2023-05-02,168.54
AAPL,2023-05-03,167.45
AAPL,2023-05-04,165.79
AAPL,2023-05-05,173.57
AAPL,2023-05-08,173.5
AAPL,2023-05-09,171.77
AAPL,2023-05-10,173.56
AAPL,2023-05-11,173.75
AAPL,2023-05-12,172.57
AAPL,2023-05-15,172.07
AAPL,2023-05-16,172.07
AAPL,2023-05-17,172.69
AAPL,2023-05-18,175.05
AAPL,2023-05-19,175.16
AAPL,2023-05-22,174.2
AAPL,2023-05-23,171.56
AAPL,2023-05-24,171.84
AAPL,2023-05-25,172.99
AAPL,2023-05-26,175.43
AAPL,2023-05-30,177.3
AAPL,2023-05-31,177.25
AAPL,2023-06-01,180.09
AAPL,2023-06-02,180.95
AAPL,2023-06-05,179.58
AAPL,2023-06-06,179.21
AAPL,2023-06-07,177.82
AAPL,2023-06-08,180.57
AAPL,2023-06-09,180.96
AAPL,2023-06-12,183.79
AAPL,2023-06-13,183.31
AAPL,2023-06-14,183.95
AAPL,2023-06-15,186.01
AAPL,2023-06-16,184.92
AAPL,2023-06-20,185.01
AAPL,2023-06-21,183.96
AAPL,2023-06-22,187.0
AAPL,2023-06-23,186.68
AAPL,2023-06-26,185.27
AAPL,2023-06-27,188.06
AAPL,2023-06-28,189.25
AAPL,2023-06-29,189.59
AAPL,2023-06-30,193.97
AAPL,2023-07-03,192.46
AAPL,2023-07-05,191.33
AAPL,2023-07-06,191.81
AAPL,2023-07-07,190.68
AAPL,2023-07-10,188.61
AAPL,2023-07-11,188.08
AAPL,2023-07-12,189.77
AAPL,2023-07-13,190.54
AAPL,2023-07-14,190.69
AAPL,2023-07-17,193.99
AAPL,2023-07-18,193.73
AAPL,2023-07-19,195.1
AAPL,2023-07-20,193.13
AAPL,2023-07-21,191.94
AAPL,2023-07-24,192.75
AAPL,2023-07-25,193.62
AAPL,2023-07-26,194.5
AAPL,2023-07-27,193.22
AAPL,2023-07-28,195.83
AAPL,2023-07-31,196.45
AAPL,2023-08-01,195.61
AAPL,2023-08-02,192.58
AAPL,2023-08-03,191.17
AAPL,2023-08-04,181.99
AAPL,2023-08-07,178.85
AAPL,2023-08-08,179.8
AAPL,2023-08-09,178.19
AAPL,2023-08-10,177.97
AAPL,2023-08-11,177.79
AAPL,2023-08-14,179.46
AAPL,2023-08-15,177.45
AAPL,2023-08-16,176.57
AAPL,2023-08-17,174.0
AAPL,2023-08-18,174.49
AAPL,2023-08-21,175.84
AAPL,2023-08-22,177.23
AAPL,2023-08-23,181.12
AAPL,2023-08-24,176.38
AAPL,2023-08-25,178.61
AAPL,2023-08-28,180.19
AAPL,2023-08-29,184.12
AAPL,2023-08-30,187.65
AAPL,2023-08-31,187.87
AAPL,2023-09-01,189.46
AAPL,2023-09-05,189.7
AAPL,2023-09-06,182.91
AAPL,2023-09-07,177.56
AAPL,2023-09-08,178.18
AAPL,2023-09-11,179.36
AAPL,2023-09-12,176.3
AAPL,2023-09-13,174.21
AAPL,2023-09-14,175.74
AAPL,2023-09-15,175.01
AAPL,2023-09-18,177.97
AAPL,2023-09-19,179.07
AAPL,2023-09-20,175.49
AAPL,2023-09-21,173.93
AAPL,2023-09-22,174.79
AAPL,2023-09-25,176.08
AAPL,2023-09-26,171.96
AAPL,2023-09-27,170.43
AAPL,2023-09-28,170.69
AAPL,2023-09-29,171.21
AAPL,2023-10-02,173.75
AAPL,2023-10-03,172.4
AAPL,2023-10-04,173.66
AAPL,2023-10-05,174.91
AAPL,2023-10-06,177.49
AAPL,2023-10-09,178.99
AAPL,2023-10-10,178.39
AAPL,2023-10-11,179.8
AAPL,2023-10-12,180.71
AAPL,2023-10-13,178.85
AAPL,2023-10-16,178.72
AAPL,2023-10-17,177.15
AAPL,2023-10-18,175.84
AAPL,2023-10-19,175.46
AAPL,2023-10-20,172.88
AAPL,2023-10-23,173.0
AAPL,2023-10-24,173.44
AAPL,2023-10-25,171.1
AAPL,2023-10-26,166.89
AAPL,2023-10-27,168.22
AAPL,2023-10-30,170.29
AAPL,2023-10-31,170.77
AAPL,2023-11-01,173.97
AAPL,2023-11-02,177.57
AAPL,2023-11-03,176.65
AAPL,2023-11-06,179.23
AAPL,2023-11-07,181.82
AAPL,2023-11-08,182.89
AAPL,2023-11-09,182.41
AAPL,2023-11-10,186.4
AAPL,2023-11-13,184.8
AAPL,2023-11-14,187.44
AAPL,2023-11-15,188.01
AAPL,2023-11-16,189.71
AAPL,2023-11-17,189.69
AAPL,2023-11-20,191.45
AAPL,2023-11-21,190.64
AAPL,2023-11-22,191.31
AAPL,2023-11-24,189.97
AAPL,2023-11-27,189.79
AAPL,2023-11-28,190.4
AAPL,2023-11-29,189.37
AAPL,2023-11-30,189.95
AAPL,2023-12-01,191.24
AAPL,2023-12-04,189.43
AAPL,2023-12-05,193.42
AAPL,2023-12-06,192.32
AAPL,2023-12-07,194.27
AAPL,2023-12-08,195.71
AAPL,2023-12-11,193.18
AAPL,2023-12-12,194.71
AAPL,2023-12-13,197.96
AAPL,2023-12-14,198.11
AAPL,2023-12-15,197.57
AAPL,2023-12-18,195.89
AAPL,2023-12-19,196.94
AAPL,2023-12-20,194.83
AAPL,2023-12-21,194.68
AAPL,2023-12-22,193.6
AAPL,2023-12-26,193.05
AAPL,2023-12-27,193.15
AAPL,2023-12-28,193.58
AAPL,2023-12-29,192.53
AAPL,2024-01-02,185.64
AAPL,2024-01-03,184.25
AAPL,2024-01-04,181.91
AAPL,2024-01-05,181.18
AAPL,2024-01-08,185.56
AAPL,2024-01-09,185.14
AAPL,2024-01-10,186.19
AAPL,2024-01-11,185.59
AAPL,2024-01-12,185.92
AAPL,2024-01-16,183.63
AAPL,2024-01-17,182.68
AAPL,2024-01-18,188.63
AAPL,2024-01-19,191.56
AAPL,2024-01-22,193.89
AAPL,2024-01-23,195.18
AAPL,2024-01-24,194.5
AAPL,2024-01-25,194.17
AAPL,2024-01-26,192.42
AAPL,2024-01-29,191.73
AAPL,2024-01-30,188.04
AAPL,2024-01-31,184.4
AAPL,2024-02-01,186.86
AAPL,2024-02-02,185.85
AAPL,2024-02-05,187.68
AAPL,2024-02-06,189.3
AAPL,2024-02-07,189.41
AAPL,2024-02-08,188.32
AAPL,2024-02-09,188.85
AAPL,2024-02-12,187.15
AAPL,2024-02-13,185.04
AAPL,2024-02-14,184.15
AAPL,2024-02-15,183.86
AAPL,2024-02-16,182.31
AAPL,2024-02-20,181.56
AAPL,2024-02-21,182.32
AAPL,2024-02-22,184.37
AAPL,2024-02-23,182.52
AAPL,2024-02-26,181.16
AAPL,2024-02-27,182.63
AAPL,2024-02-28,181.42
AAPL,2024-02-29,180.75
AAPL,2024-03-01,179.66
AAPL,2024-03-04,175.1
AAPL,2024-03-05,170.12
AAPL,2024-03-06,169.12
AAPL,2024-03-07,169.0
AAPL,2024-03-08,170.73
AAPL,2024-03-11,172.75
AAPL,2024-03-12,173.23
AAPL,2024-03-13,171.13
AAPL,2024-03-14,173.0
AAPL,2024-03-15,172.62
AAPL,2024-03-18,173.72
AAPL,2024-03-19,176.08
AAPL,2024-03-20,178.67
AAPL,2024-03-21,171.37
AAPL,2024-03-22,172.28
AAPL,2024-03-25,170.85
AAPL,2024-03-26,169.71
AAPL,2024-03-27,173.31
AAPL,2024-03-28,171.48
AAPL,2024-04-01,170.03
AAPL,2024-04-02,168.84
AAPL,2024-04-03,169.65
AAPL,2024-04-04,168.82
AAPL,2024-04-05,169.58
AAPL,2024-04-08,168.45
AAPL,2024-04-09,169.67
AAPL,2024-04-10,167.78
AAPL,2024-04-11,175.04
AAPL,2024-04-12,176.55
AAPL,2024-04-15,172.69
AAPL,2024-04-16,169.38
AAPL,2024-04-17,168.0
AAPL,2024-04-18,167.04
AAPL,2024-04-19,165.0
AAPL,2024-04-22,165.84
AAPL,2024-04-23,166.9
AAPL,2024-04-24,169.02
AAPL,2024-04-25,169.89
AAPL,2024-04-26,169.3
AAPL,2024-04-29,173.5
AAPL,2024-04-30,170.33
AAPL,2024-05-01,169.3
AAPL,2024-05-02,173.03
AAPL,2024-05-03,183.38
AAPL,2024-05-06,181.71
AAPL,2024-05-07,182.4
AAPL,2024-05-08,182.74
AAPL,2024-05-09,184.57
AAPL,2024-05-10,183.05
AAPL,2024-05-13,186.28
AAPL,2024-05-14,187.43
AAPL,2024-05-15,189.72
AAPL,2024-05-16,189.84
AAPL,2024-05-17,189.87
AAPL,2024-05-20,191.04
AAPL,2024-05-21,192.35
AAPL,2024-05-22,190.9
AAPL,2024-05-23,186.88
AAPL,2024-05-24,189.98
AAPL,2024-05-28,189.99
AAPL,2024-05-29,190.29
AAPL,2024-05-30,191.29
AAPL,2024-05-31,192.25
AAPL,2024-06-03,194.03
AAPL,2024-06-04,194.35
AAPL,2024-06-05,195.87
AAPL,2024-06-06,194.48
AAPL,2024-06-07,196.89
AAPL,2024-06-10,193.12
AAPL,2024-06-11,207.15
AAPL,2024-06-12,213.07
AAPL,2024-06-13,214.24
AAPL,2024-06-14,212.49
AAPL,2024-06-17,216.67
AAPL,2024-06-18,214.29
AAPL,2024-06-20,209.68
AAPL,2024-06-21,207.49
AAPL,2024-06-24,208.14
AAPL,2024-06-25,209.07
AAPL,2024-06-26,213.25
AAPL,2024-06-27,214.1
AAPL,2024-06-28,210.62
AAPL,2024-07-01,216.75
AAPL,2024-07-02,220.27
AAPL,2024-07-03,221.55
AAPL,2024-07-05,226.34
AAPL,2024-07-08,227.82
AAPL,2024-07-09,228.68
AAPL,2024-07-10,232.98
AAPL,2024-07-11,227.57
AAPL,2024-07-12,230.54
AAPL,2024-07-15,234.4
AAPL,2024-07-16,234.82
AAPL,2024-07-17,228.88
AAPL,2024-07-18,224.18
AAPL,2024-07-19,224.31
AAPL,2024-07-22,223.96
AAPL,2024-07-23,225.01
AAPL,2024-07-24,218.54
AAPL,2024-07-25,217.49
AAPL,2024-07-26,217.96
AAPL,2024-07-29,218.24
AAPL,2024-07-30,218.8
AAPL,2024-07-31,222.08
AAPL,2024-08-01,218.36
AAPL,2024-08-02,219.86
AAPL,2024-08-05,209.27
AAPL,2024-08-06,207.23
AAPL,2024-08-07,209.82
AAPL,2024-08-08,213.31
AAPL,2024-08-09,216.24
AAPL,2024-08-12,217.53
AAPL,2024-08-13,221.27
AAPL,2024-08-14,221.72
AAPL,2024-08-15,224.72
AAPL,2024-08-16,226.05
AAPL,2024-08-19,225.89
AAPL,2024-08-20,226.51
AAPL,2024-08-21,226.4
AAPL,2024-08-22,224.53
AAPL,2024-08-23,226.84
AAPL,2024-08-26,227.18
AAPL,2024-08-27,228.03
AAPL,2024-08-28,226.49
AAPL,2024-08-29,229.79
AAPL,2024-08-30,229.0
AAPL,2024-09-03,222.77
AAPL,2024-09-04,220.85
AAPL,2024-09-05,222.38
AAPL,2024-09-06,220.82
AAPL,2024-09-09,220.91
AAPL,2024-09-10,220.11
AAPL,2024-09-11,222.66
AAPL,2024-09-12,222.77
AAPL,2024-09-13,222.5
AAPL,2024-09-16,216.32
AAPL,2024-09-17,216.79
AAPL,2024-09-18,220.69
AAPL,2024-09-19,228.87
AAPL,2024-09-20,228.2
AAPL,2024-09-23,226.47
AAPL,2024-09-24,227.37
AAPL,2024-09-25,226.37
AAPL,2024-09-26,227.52
AAPL,2024-09-27,227.79
AAPL,2024-09-30,233.0
AAPL,2024-10-01,226.21
AAPL,2024-10-02,226.78
AAPL,2024-10-03,225.67
AAPL,2024-10-04,226.8
AAPL,2024-10-07,221.69
AAPL,2024-10-08,225.77
AAPL,2024-10-09,229.54
AAPL,2024-10-10,229.04
AAPL,2024-10-11,227.55
AAPL,2024-10-14,231.3
AAPL,2024-10-15,233.85
AAPL,2024-10-16,231.78
AAPL,2024-10-17,232.15
AAPL,2024-10-18,235.0
AAPL,2024-10-21,236.48
AAPL,2024-10-22,235.86
AAPL,2024-10-23,230.76
AAPL,2024-10-24,230.57
AAPL,2024-10-25,231.41
AAPL,2024-10-28,233.4
AAPL,2024-10-29,233.67
AAPL,2024-10-30,230.1
AAPL,2024-10-31,225.91
AAPL,2024-11-01,222.91
AAPL,2024-11-04,222.01
AAPL,2024-11-05,223.45
AAPL,2024-11-06,222.72
AAPL,2024-11-07,227.48
AAPL,2024-11-08,226.96
AAPL,2024-11-11,224.23
AAPL,2024-11-12,224.23
AAPL,2024-11-13,225.12
AAPL,2024-11-14,228.22
AAPL,2024-11-15,225.0
AAPL,2024-11-18,228.02
AAPL,2024-11-19,228.28
AAPL,2024-11-20,229.0
AAPL,2024-11-21,228.52
AAPL,2024-11-22,229.87
AAPL,2024-11-25,232.87
AAPL,2024-11-26,235.06
AAPL,2024-11-27,234.93
AAPL,2024-11-29,237.33
AAPL,2024-12-02,239.59
AAPL,2024-12-03,242.65
AAPL,2024-12-04,243.01
AAPL,2024-12-05,243.04
AAPL,2024-12-06,242.84
AAPL,2024-12-09,246.75
AAPL,2024-12-10,247.77
AAPL,2024-12-11,246.49
AAPL,2024-12-12,247.96
AAPL,2024-12-13,248.13
AAPL,2024-12-16,251.04
AAPL,2024-12-17,253.48
AAPL,2024-12-18,248.05
AAPL,2024-12-19,249.79
AAPL,2024-12-20,254.49
AAPL,2024-12-23,255.27
AAPL,2024-12-24,258.2
AAPL,2024-12-26,259.02
AAPL,2024-12-27,255.59
AAPL,2024-12-30,252.2
AAPL,2024-12-31,250.42
AAPL,2025-01-02,243.85
AAPL,2025-01-03,243.36
AAPL,2025-01-06,245.0
AAPL,2025-01-07,242.21
AAPL,2025-01-08,242.7
AAPL,2025-01-10,236.85
AAPL,2025-01-13,234.4
AAPL,2025-01-14,233.28
AAPL,2025-01-15,237.87
AAPL,2025-01-16,228.26
AAPL,2025-01-17,229.98
AAPL,2025-01-21,222.64
AAPL,2025-01-22,223.83
AAPL,2025-01-23,223.66
AAPL,2025-01-24,222.78
AAPL,2025-01-27,229.86
AAPL,2025-01-28,238.26
AAPL,2025-01-29,239.36
AAPL,2025-01-30,237.59
AAPL,2025-01-31,236.0
AAPL,2025-02-03,228.01
AAPL,2025-02-04,232.8
AAPL,2025-02-05,232.47
AAPL,2025-02-06,233.22
AAPL,2025-02-07,227.63
AAPL,2025-02-10,227.65
AAPL,2025-02-11,232.62
AAPL,2025-02-12,236.87
AAPL,2025-02-13,241.53
AAPL,2025-02-14,244.6
AAPL,2025-02-18,244.47
AAPL,2025-02-19,244.87
AAPL,2025-02-20,245.83
AAPL,2025-02-21,245.55
AAPL,2025-02-24,247.1
AAPL,2025-02-25,247.04
AAPL,2025-02-26,240.36
AAPL,2025-02-27,237.3
AAPL,2025-02-28,241.84
AAPL,2025-03-03,238.03
AAPL,2025-03-04,235.93
AAPL,2025-03-05,235.74
AAPL,2025-03-06,235.33
AAPL,2025-03-07,239.07
AAPL,2025-03-10,227.48
AAPL,2025-03-11,220.84
AAPL,2025-03-12,216.98
AAPL,2025-03-13,209.68
AAPL,2025-03-14,213.49
AAPL,2025-03-17,214.0
AAPL,2025-03-18,212.69
AAPL,2025-03-19,215.24
AAPL,2025-03-20,214.1
AAPL,2025-03-21,218.27
AAPL,2025-03-24,220.73
AAPL,2025-03-25,223.75
AAPL,2025-03-26,221.53
AAPL,2025-03-27,223.85
AAPL,2025-03-28,217.9
AAPL,2025-03-31,222.13
AAPL,2025-04-01,223.19
AAPL,2025-04-02,223.89
AAPL,2025-04-03,203.19
AAPL,2025-04-04,188.38
AAPL,2025-04-07,181.46
AAPL,2025-04-08,172.42
AAPL,2025-04-09,198.85
AAPL,2025-04-10,190.42
AAPL,2025-04-11,198.15
AAPL,2025-04-14,202.52
AAPL,2025-04-15,202.14
AAPL,2025-04-16,194.27
AAPL,2025-04-17,196.98
AAPL,2025-04-21,193.16
AAPL,2025-04-22,199.74
AAPL,2025-04-23,204.6
AAPL,2025-04-24,208.37
AAPL,2025-04-25,209.28
AAPL,2025-04-28,210.14
AAPL,2025-04-29,211.21
AAPL,2025-04-30,212.5
AAPL,2025-05-01,213.32
AAPL,2025-05-02,205.35
AAPL,2025-05-05,198.89
AAPL,2025-05-06,198.51
AAPL,2025-05-07,196.25
AAPL,2025-05-08,197.49
AAPL,2025-05-09,198.53
AAPL,2025-05-12,210.79
AAPL,2025-05-13,212.93
AAPL,2025-05-14,212.33
AAPL,2025-05-15,211.45
AAPL,2025-05-16,211.26
AAPL,2025-05-19,208.78
AAPL,2025-05-20,206.86
AAPL,2025-05-21,202.09
AAPL,2025-05-22,201.36
AAPL,2025-05-23,195.27
AAPL,2025-05-27,200.21
AAPL,2025-05-28,200.42
AAPL,2025-05-29,199.95
AAPL,2025-05-30,200.85
AAPL,2025-06-02,201.7
AAPL,2025-06-03,203.27
AAPL,2025-06-04,202.82
AAPL,2025-06-05,200.63
AAPL,2025-06-06,203.92
AAPL,2025-06-09,201.45
AAPL,2025-06-10,202.67
AAPL,2025-06-11,198.78
AAPL,2025-06-12,199.2
AAPL,2025-06-13,196.45
AAPL,2025-06-16,198.42
AAPL,2025-06-17,195.64
AAPL,2025-06-18,196.58
AAPL,2025-06-20,201.0
AAPL,2025-06-23,201.5
AAPL,2025-06-24,200.3
AAPL,2025-06-25,201.56
AAPL,2025-06-26,201.0
AAPL,2025-06-27,201.08
AAPL,2025-06-30,205.17
AAPL,2025-07-01,207.82
AAPL,2025-07-02,212.44
AAPL,2025-07-03,213.55
AAPL,2025-07-07,209.95
AAPL,2025-07-08,210.01
AAPL,2025-07-09,211.14
AAPL,2025-07-10,212.41
AAPL,2025-07-11,211.16
AAPL,2025-07-14,208.62
AAPL,2025-07-15,209.11
AAPL,2025-07-16,210.16
AAPL,2025-07-17,210.02
AAPL,2025-07-18,211.18
AAPL,2025-07-21,212.48
AAPL,2025-07-22,214.4
AAPL,2025-07-23,214.15
AAPL,2025-07-24,213.76
AAPL,2025-07-25,213.88
AAPL,2025-07-28,214.05
AAPL,2025-07-29,211.27
AAPL,2025-07-30,209.05
AAPL,2025-07-31,207.57
AAPL,2025-08-01,202.38
AAPL,2025-08-04,203.35
AAPL,2025-08-05,202.92
AAPL,2025-08-06,213.25
AAPL,2025-08-07,220.03
AAPL,2025-08-08,229.35
AAPL,2025-08-11,227.18
AAPL,2025-08-12,229.65
AAPL,2025-08-13,233.33
AAPL,2025-08-14,232.78
AAPL,2025-08-15,231.59
AAPL,2025-08-18,230.89
AAPL,2025-08-19,230.56
AAPL,2025-08-20,226.01
AAPL,2025-08-21,224.9
AAPL,2025-08-22,227.76
AAPL,2025-08-25,227.16
AAPL,2025-08-26,229.31
AAPL,2025-08-27,230.49
AAPL,2025-08-28,232.56
AAPL,2025-08-29,232.14
AAPL,2025-09-02,229.72
AAPL,2025-09-03,238.47
AAPL,2025-09-04,239.78
AAPL,2025-09-05,239.69
AAPL,2025-09-08,237.88
AAPL,2025-09-09,234.35
AAPL,2025-09-10,226.79
AAPL,2025-09-11,230.03
AAPL,2025-09-12,234.07
AAPL,2025-09-15,236.7
AAPL,2025-09-16,238.15
AAPL,2025-09-17,238.99
AAPL,2025-09-18,237.88
AAPL,2025-09-19,245.5
AAPL,2025-09-22,256.08
AAPL,2025-09-23,254.43
AAPL,2025-09-24,252.31
AAPL,2025-09-25,256.87
AAPL,2025-09-26,255.46
AAPL,2025-09-29,254.43
AAPL,2025-09-30,254.63
AAPL,2025-10-01,255.45
AAPL,2025-10-02,257.13
AAPL,2025-10-03,258.02
AAPL,2025-10-06,256.69
AAPL,2025-10-07,256.48
AAPL,2025-10-08,258.06
AAPL,2025-10-09,254.04
AAPL,2025-10-10,245.27
AAPL,2025-10-13,247.66
AAPL,2025-10-14,247.77
AAPL,2025-10-15,249.34
AAPL,2025-10-16,247.45
AAPL,2025-10-17,252.29
AAPL,2025-10-20,262.24
AAPL,2025-10-21,262.77
AAPL,2025-10-22,258.45
AAPL,2025-10-23,259.58
AAPL,2025-10-24,262.82
AAPL,2025-10-27,268.81
AAPL,2025-10-28,269.0
AAPL,2025-10-29,269.7
AAPL,2025-10-30,271.4
AAPL,2025-10-31,270.37
AAPL,2025-11-03,269.05
AAPL,2025-11-04,270.04
AAPL,2025-11-05,270.14
AAPL,2025-11-06,269.77
AAPL,2025-11-07,268.47
AAPL,2025-11-10,269.43
AAPL,2025-11-11,275.25
AAPL,2025-11-12,273.47
AAPL,2025-11-13,272.95
AAPL,2025-11-14,272.41
AAPL,2025-11-17,267.46
AAPL,2025-11-18,267.44
AAPL,2025-11-19,268.56
AAPL,2025-11-20,266.25
AAPL,2025-11-21,271.49
AAPL,2025-11-24,275.92
AAPL,2025-11-25,276.97
AAPL,2025-11-26,277.55
AAPL,2025-11-28,278.85
AAPL,2025-12-01,283.1
AAPL,2025-12-02,286.19
AAPL,2025-12-03,284.15
AAPL,2025-12-04,280.7
AAPL,2025-12-05,278.78
AAPL,2025-12-08,277.89
AAPL,2025-12-09,277.18
AAPL,2025-12-10,278.78
AAPL,2025-12-11,278.03
AAPL,2025-12-12,278.28
AAPL,2025-12-15,274.11
AAPL,2025-12-16,274.61
AAPL,2025-12-17,271.84
AAPL,2025-12-18,272.19
AAPL,2025-12-19,273.67
AAPL,2025-12-22,270.97
AAPL,2025-12-23,272.36
AAPL,2025-12-24,273.81
AAPL,2025-12-26,273.4
AAPL,2025-12-29,273.76
AAPL,2025-12-30,273.08
AAPL,2025-12-31,271.86
AAPL,2026-01-02,271.01
AAPL,2026-01-05,267.26
AAPL,2026-01-06,262.36
AAPL,2026-01-07,260.33
AAPL,2026-01-08,259.04
AAPL,2026-01-09,259.37
AAPL,2026-01-12,260.25
AAPL,2026-01-13,261.05
AAPL,2026-01-14,259.96
AAPL,2026-01-15,258.21
AAPL,2026-01-16,255.53
AAPL,2026-01-20,246.7
AAPL,2026-01-21,247.65
AAPL,2026-01-22,248.35
AAPL,2026-01-23,248.04
AAPL,2026-01-26,255.41
AAPL,2026-01-27,258.27
AAPL,2026-01-28,256.44
AAPL,2026-01-29,258.28
AAPL,2026-01-30,259.48
AAPL,2026-02-02,270.01
AAPL,2026-02-03,269.48
AAPL,2026-02-04,276.49
AAPL,2026-02-05,275.91
AAPL,2026-02-06,278.12
AAPL,2026-02-09,274.62
AAPL,2026-02-10,273.68
AAPL,2026-02-11,275.5
AAPL,2026-02-12,261.73
AAPL,2026-02-13,255.78
AAPL,2026-02-17,263.88
AAPL,2026-02-18,264.35
AAPL,2026-02-19,260.58
AAPL,2026-02-20,264.58
AAPL,2026-02-23,266.18
AAPL,2026-02-24,272.14
AAPL,2026-02-25,274.23
AAPL,2026-02-26,272.95
AAPL,2026-02-27,264.18
AAPL,2026-03-02,264.72
AAPL,2026-03-03,263.75
AAPL,2026-03-04,262.52
AAPL,2026-03-05,260.29
AAPL,2026-03-06,257.46
AAPL,2026-03-09,259.88
AAPL,2026-03-10,260.83
AAPL,2026-03-11,260.81
AAPL,2026-03-12,255.76
AAPL,2026-03-13,250.12
AAPL,2026-03-16,252.82
AAPL,2026-03-17,254.23
AAPL,2026-03-18,249.94
AAPL,2026-03-19,248.96
AAPL,2026-03-20,247.99
AAPL,2026-03-23,251.49
AAPL,2026-03-24,251.64
AAPL,2026-03-25,252.62
AAPL,2026-03-26,252.89
AAPL,2026-03-27,248.8
AAPL,2026-03-30,246.63
AAPL,2026-03-31,253.79
AAPL,2026-04-01,255.63
AAPL,2026-04-02,255.92
AAPL,2026-04-06,258.86
AAPL,2026-04-07,253.5
AAPL,2026-04-08,258.9
AAPL,2026-04-09,260.49
AAPL,2026-04-10,260.48
AAPL,2026-04-13,259.2
AAPL,2026-04-14,258.83
AAPL,2026-04-15,266.43
AAPL,2026-04-16,263.4
AAPL,2026-04-17,270.23
AAPL,2026-04-20,273.05
AAPL,2026-04-21,266.17
AAPL,2026-04-22,273.17
AAPL,2026-04-23,273.43
AAPL,2026-04-24,271.06
AAPL,2026-04-27,267.61
AAPL,2026-04-28,270.71
AAPL,2026-04-29,270.17
AAPL,2026-04-30,271.35
AAPL,2026-05-01,280.14
AAPL,2026-05-04,276.83
AAPL,2026-05-05,284.18
AAPL,2026-05-06,287.51
AAPL,2026-05-07,287.44
AAPL,2026-05-08,293.32
AAPL,2026-05-11,292.68
AAPL,2026-05-12,294.8
AAPL,2026-05-13,298.87
AAPL,2026-05-14,298.21
AAPL,2026-05-15,300.23
AAPL,2026-05-18,297.84
AAPL,2026-05-19,298.97
AAPL,2026-05-20,302.25
AAPL,2026-05-21,304.99
AAPL,2026-05-22,308.82
AAPL,2026-05-26,308.33
AAPL,2026-05-27,310.85
AAPL,2026-05-28,312.51
AAPL,2026-05-29,312.06
AAPL,2026-06-01,306.31
AAPL,2026-06-02,315.2
AAPL,2026-06-03,310.26
AAPL,2026-06-04,311.23
AAPL,2026-06-05,307.34
AAPL,2026-06-08,301.54
AAPL,2026-06-09,290.55
AAPL,2026-06-10,291.58
AAPL,2026-06-11,295.63
AAPL,2026-06-12,291.13
AAPL,2026-06-15,296.42
AAPL,2026-06-16,299.24
AAPL,2026-06-17,295.95
AAPL,2026-06-18,298.01
AAPL,2026-06-22,297.01
AAPL,2026-06-23,294.3
AAPL,2026-06-24,293.08
AAPL,2026-06-25,275.15
AAPL,2026-06-26,283.78
AAPL,2026-06-29,281.74
AAPL,2026-06-30,289.36
AAPL,2026-07-01,294.38
AAPL,2026-07-02,308.63
AAPL,2026-07-06,312.66
AAPL,2026-07-07,310.66
AAPL,2026-07-08,313.39
AAPL,2026-07-09,316.22
AAPL,2026-07-10,315.32
AAPL,2026-07-13,317.31
AAPL,2026-07-14,314.86
AAPL,2026-07-15,327.5
AAPL,2026-07-16,333.26
AAPL,2026-07-17,333.74
AAPL,2026-07-20,326.59
AAPL,2026-07-21,327.74
AAPL,2026-07-22,325.89
AAPL,2026-07-23,321.66
AAPL,2026-07-24,333.02
AAPL,2026-07-27,336.91
AAPL,2026-07-28,340.08
AAPL,2026-07-29,338.19
AAPL,2026-07-30,333.43
AAPL,2026-07-31,308.91
AAPL,2026-08-03,303.42
AAPL,2026-08-04,309.38
AAPL,2026-08-05,311.0
AAPL,2026-08-06,312.41
AAPL,2026-08-07,313.33
AAPL,2026-08-10,308.26
AAPL,2026-08-11,304.91
AAPL,2026-08-12,302.25
AAPL,2026-08-13,305.26
AAPL,2026-08-14,305.93
AAPL,2026-08-17,305.59
AAPL,2026-08-18,310.03
AAPL,2026-08-19,316.83
AAPL,2026-08-20,311.3
AAPL,2026-08-21,309.35
AAPL,2026-08-24,310.34
AAPL,2026-08-25,309.9
AAPL,2026-08-26,313.45
AAPL,2026-08-27,314.58
AAPL,2026-08-28,319.7
AAPL,2026-08-31,316.85
AAPL,2026-09-01,325.13
AAPL,2026-09-02,324.96
AAPL,2026-09-03,328.21
AAPL,2026-09-04,319.97
AAPL,2026-09-08,316.22
AAPL,2026-09-09,315.34
AAPL,2026-09-10,326.57
AAPL,2026-09-11,332.27
AAPL,2026-09-14,333.08
AAPL,2026-09-15,331.34
AAPL,2026-09-16,332.41
AAPL,2026-09-17,337.0
AAPL,2026-09-18,336.13
MSFT,2022-01-03,334.75
MSFT,2022-01-04,329.01
MSFT,2022-01-05,316.38
MSFT,2022-01-06,313.88
MSFT,2022-01-07,314.04
MSFT,2022-01-10,314.27
MSFT,2022-01-11,314.98
MSFT,2022-01-12,318.27
MSFT,2022-01-13,304.8
MSFT,2022-01-14,310.2
MSFT,2022-01-18,302.65
MSFT,2022-01-19,303.33
MSFT,2022-01-20,301.6
MSFT,2022-01-21,296.03
MSFT,2022-01-24,296.37
MSFT,2022-01-25,288.49
MSFT,2022-01-26,296.71
MSFT,2022-01-27,299.84
MSFT,2022-01-28,308.26
MSFT,2022-01-31,310.98
MSFT,2022-02-01,308.76
MSFT,2022-02-02,313.46
MSFT,2022-02-03,301.25
MSFT,2022-02-04,305.94
MSFT,2022-02-07,300.95
MSFT,2022-02-08,304.56
MSFT,2022-02-09,311.21
MSFT,2022-02-10,302.38
MSFT,2022-02-11,295.04
MSFT,2022-02-14,295.0
MSFT,2022-02-15,300.47
MSFT,2022-02-16,299.5
MSFT,2022-02-17,290.73
MSFT,2022-02-18,287.93
MSFT,2022-02-22,287.72
MSFT,2022-02-23,280.27
MSFT,2022-02-24,294.59
MSFT,2022-02-25,297.31
MSFT,2022-02-28,298.79
MSFT,2022-03-01,294.95
MSFT,2022-03-02,300.19
MSFT,2022-03-03,295.92
MSFT,2022-03-04,289.86
MSFT,2022-03-07,278.91
MSFT,2022-03-08,275.85
MSFT,2022-03-09,288.5
MSFT,2022-03-10,285.59
MSFT,2022-03-11,280.07
MSFT,2022-03-14,276.44
MSFT,2022-03-15,287.15
MSFT,2022-03-16,294.39
MSFT,2022-03-17,295.22
MSFT,2022-03-18,300.43
MSFT,2022-03-21,299.16
MSFT,2022-03-22,304.06
MSFT,2022-03-23,299.49
MSFT,2022-03-24,304.1
MSFT,2022-03-25,303.68
MSFT,2022-03-28,310.7
MSFT,2022-03-29,315.41
MSFT,2022-03-30,313.86
MSFT,2022-03-31,308.31
MSFT,2022-04-01,309.42
MSFT,2022-04-04,314.97
MSFT,2022-04-05,310.88
MSFT,2022-04-06,299.5
MSFT,2022-04-07,301.37
MSFT,2022-04-08,296.97
MSFT,2022-04-11,285.26
MSFT,2022-04-12,282.06
MSFT,2022-04-13,287.62
MSFT,2022-04-14,279.83
MSFT,2022-04-18,280.52
MSFT,2022-04-19,285.3
MSFT,2022-04-20,286.36
MSFT,2022-04-21,280.81
MSFT,2022-04-22,274.03
MSFT,2022-04-25,280.72
MSFT,2022-04-26,270.22
MSFT,2022-04-27,283.22
MSFT,2022-04-28,289.63
MSFT,2022-04-29,277.52
MSFT,2022-05-02,284.47
MSFT,2022-05-03,281.78
MSFT,2022-05-04,289.98
MSFT,2022-05-05,277.35
MSFT,2022-05-06,274.73
MSFT,2022-05-09,264.58
MSFT,2022-05-10,269.5
MSFT,2022-05-11,260.55
MSFT,2022-05-12,255.35
MSFT,2022-05-13,261.12
MSFT,2022-05-16,261.5
MSFT,2022-05-17,266.82
MSFT,2022-05-18,254.08
MSFT,2022-05-19,253.14
MSFT,2022-05-20,252.56
MSFT,2022-05-23,260.65
MSFT,2022-05-24,259.62
MSFT,2022-05-25,262.52
MSFT,2022-05-26,265.9
MSFT,2022-05-27,273.24
MSFT,2022-05-31,271.87
MSFT,2022-06-01,272.42
MSFT,2022-06-02,274.58
MSFT,2022-06-03,270.02
MSFT,2022-06-06,268.75
MSFT,2022-06-07,272.5
MSFT,2022-06-08,270.41
MSFT,2022-06-09,264.79
MSFT,2022-06-10,252.99
MSFT,2022-06-13,242.26
MSFT,2022-06-14,244.49
MSFT,2022-06-15,251.76
MSFT,2022-06-16,244.97
MSFT,2022-06-17,247.65
MSFT,2022-06-21,253.74
MSFT,2022-06-22,253.13
MSFT,2022-06-23,258.86
MSFT,2022-06-24,267.7
MSFT,2022-06-27,264.89
MSFT,2022-06-28,256.48
MSFT,2022-06-29,260.26
MSFT,2022-06-30,256.83
MSFT,2022-07-01,259.58
MSFT,2022-07-05,262.85
MSFT,2022-07-06,266.21
MSFT,2022-07-07,268.4
MSFT,2022-07-08,267.66
MSFT,2022-07-11,264.51
MSFT,2022-07-12,253.67
MSFT,2022-07-13,252.72
MSFT,2022-07-14,254.08
MSFT,2022-07-15,256.72
MSFT,2022-07-18,254.25
MSFT,2022-07-19,259.53
MSFT,2022-07-20,262.27
MSFT,2022-07-21,264.84
MSFT,2022-07-22,260.36
MSFT,2022-07-25,258.83
MSFT,2022-07-26,251.9
MSFT,2022-07-27,268.74
MSFT,2022-07-28,276.41
MSFT,2022-07-29,280.74
MSFT,2022-08-01,278.01
MSFT,2022-08-02,274.82
MSFT,2022-08-03,282.47
MSFT,2022-08-04,283.65
MSFT,2022-08-05,282.91
MSFT,2022-08-08,280.32
MSFT,2022-08-09,282.3
MSFT,2022-08-10,289.16
MSFT,2022-08-11,287.02
MSFT,2022-08-12,291.91
MSFT,2022-08-15,293.47
MSFT,2022-08-16,292.71
MSFT,2022-08-17,291.32
MSFT,2022-08-18,290.17
MSFT,2022-08-19,286.15
MSFT,2022-08-22,277.75
MSFT,2022-08-23,276.44
MSFT,2022-08-24,275.79
MSFT,2022-08-25,278.85
MSFT,2022-08-26,268.09
MSFT,2022-08-29,265.23
MSFT,2022-08-30,262.97
MSFT,2022-08-31,261.47
MSFT,2022-09-01,260.4
MSFT,2022-09-02,256.06
MSFT,2022-09-06,253.25
MSFT,2022-09-07,258.09
MSFT,2022-09-08,258.52
MSFT,2022-09-09,264.46
MSFT,2022-09-12,266.65
MSFT,2022-09-13,251.99
MSFT,2022-09-14,252.22
MSFT,2022-09-15,245.38
MSFT,2022-09-16,244.74
MSFT,2022-09-19,244.52
MSFT,2022-09-20,242.45
MSFT,2022-09-21,238.95
MSFT,2022-09-22,240.98
MSFT,2022-09-23,237.92
MSFT,2022-09-26,237.45
MSFT,2022-09-27,236.41
MSFT,2022-09-28,241.07
MSFT,2022-09-29,237.5
MSFT,2022-09-30,232.9
MSFT,2022-10-03,240.74
MSFT,2022-10-04,248.88
MSFT,2022-10-05,249.2
MSFT,2022-10-06,246.79
MSFT,2022-10-07,234.24
MSFT,2022-10-10,229.25
MSFT,2022-10-11,225.41
MSFT,2022-10-12,225.75
MSFT,2022-10-13,234.24
MSFT,2022-10-14,228.56
MSFT,2022-10-17,237.53
MSFT,2022-10-18,238.5
MSFT,2022-10-19,236.48
MSFT,2022-10-20,236.15
MSFT,2022-10-21,242.12
MSFT,2022-10-24,247.25
MSFT,2022-10-25,250.66
MSFT,2022-10-26,231.32
MSFT,2022-10-27,226.75
MSFT,2022-10-28,235.87
MSFT,2022-10-31,232.13
MSFT,2022-11-01,228.17
MSFT,2022-11-02,220.1
MSFT,2022-11-03,214.25
MSFT,2022-11-04,221.39
MSFT,2022-11-07,227.87
MSFT,2022-11-08,228.87
MSFT,2022-11-09,224.51
MSFT,2022-11-10,242.98
MSFT,2022-11-11,247.11
MSFT,2022-11-14,241.55
MSFT,2022-11-15,241.97
MSFT,2022-11-16,241.73
MSFT,2022-11-17,241.68
MSFT,2022-11-18,241.22
MSFT,2022-11-21,242.05
MSFT,2022-11-22,245.03
MSFT,2022-11-23,247.58
MSFT,2022-11-25,247.49
MSFT,2022-11-28,241.76
MSFT,2022-11-29,240.33
MSFT,2022-11-30,255.14
MSFT,2022-12-01,254.69
MSFT,2022-12-02,255.02
MSFT,2022-12-05,250.2
MSFT,2022-12-06,245.12
MSFT,2022-12-07,244.37
MSFT,2022-12-08,247.4
MSFT,2022-12-09,245.42
MSFT,2022-12-12,252.51
MSFT,2022-12-13,256.92
MSFT,2022-12-14,257.22
MSFT,2022-12-15,249.01
MSFT,2022-12-16,244.69
MSFT,2022-12-19,240.45
MSFT,2022-12-20,241.8
MSFT,2022-12-21,244.43
MSFT,2022-12-22,238.19
MSFT,2022-12-23,238.73
MSFT,2022-12-27,236.96
MSFT,2022-12-28,234.53
MSFT,2022-12-29,241.01
MSFT,2022-12-30,239.82
MSFT,2023-01-03,239.58
MSFT,2023-01-04,229.1
MSFT,2023-01-05,222.31
MSFT,2023-01-06,224.93
MSFT,2023-01-09,227.12
MSFT,2023-01-10,228.85
MSFT,2023-01-11,235.77
MSFT,2023-01-12,238.51
MSFT,2023-01-13,239.23
MSFT,2023-01-17,240.35
MSFT,2023-01-18,235.81
MSFT,2023-01-19,231.93
MSFT,2023-01-20,240.22
MSFT,2023-01-23,242.58
MSFT,2023-01-24,242.04
MSFT,2023-01-25,240.61
MSFT,2023-01-26,248.0
MSFT,2023-01-27,248.16
MSFT,2023-01-30,242.71
MSFT,2023-01-31,247.81
MSFT,2023-02-01,252.75
MSFT,2023-02-02,264.6
MSFT,2023-02-03,258.35
MSFT,2023-02-06,256.77
MSFT,2023-02-07,267.56
MSFT,2023-02-08,266.73
MSFT,2023-02-09,263.62
MSFT,2023-02-10,263.1
MSFT,2023-02-13,271.32
MSFT,2023-02-14,272.17
MSFT,2023-02-15,269.32
MSFT,2023-02-16,262.15
MSFT,2023-02-17,258.06
MSFT,2023-02-21,252.67
MSFT,2023-02-22,251.51
MSFT,2023-02-23,254.77
MSFT,2023-02-24,249.22
MSFT,2023-02-27,250.16
MSFT,2023-02-28,249.42
MSFT,2023-03-01,246.27
MSFT,2023-03-02,251.11
MSFT,2023-03-03,255.29
MSFT,2023-03-06,256.87
MSFT,2023-03-07,254.15
MSFT,2023-03-08,253.7
MSFT,2023-03-09,252.32
MSFT,2023-03-10,248.59
MSFT,2023-03-13,253.92
MSFT,2023-03-14,260.79
MSFT,2023-03-15,265.44
MSFT,2023-03-16,276.2
MSFT,2023-03-17,279.43
MSFT,2023-03-20,272.23
MSFT,2023-03-21,273.78
MSFT,2023-03-22,272.29
MSFT,2023-03-23,277.66
MSFT,2023-03-24,280.57
MSFT,2023-03-27,276.38
MSFT,2023-03-28,275.23
MSFT,2023-03-29,280.51
MSFT,2023-03-30,284.05
MSFT,2023-03-31,288.3
MSFT,2023-04-03,287.23
MSFT,2023-04-04,287.18
MSFT,2023-04-05,284.34
MSFT,2023-04-06,291.6
MSFT,2023-04-10,289.39
MSFT,2023-04-11,282.83
MSFT,2023-04-12,283.49
MSFT,2023-04-13,289.84
MSFT,2023-04-14,286.14
MSFT,2023-04-17,288.8
MSFT,2023-04-18,288.37
MSFT,2023-04-19,288.45
MSFT,2023-04-20,286.11
MSFT,2023-04-21,285.76
MSFT,2023-04-24,281.77
MSFT,2023-04-25,275.42
MSFT,2023-04-26,295.37
MSFT,2023-04-27,304.83
MSFT,2023-04-28,307.26
MSFT,2023-05-01,305.56
MSFT,2023-05-02,305.41
MSFT,2023-05-03,304.4
MSFT,2023-05-04,305.41
MSFT,2023-05-05,310.65
MSFT,2023-05-08,308.65
MSFT,2023-05-09,307.0
MSFT,2023-05-10,312.31
MSFT,2023-05-11,310.11
MSFT,2023-05-12,308.97
MSFT,2023-05-15,309.46
MSFT,2023-05-16,311.74
MSFT,2023-05-17,314.0
MSFT,2023-05-18,318.52
MSFT,2023-05-19,318.34
MSFT,2023-05-22,321.18
MSFT,2023-05-23,315.26
MSFT,2023-05-24,313.85
MSFT,2023-05-25,325.92
MSFT,2023-05-26,332.89
MSFT,2023-05-30,331.21
MSFT,2023-05-31,328.39
MSFT,2023-06-01,332.58
MSFT,2023-06-02,335.4
MSFT,2023-06-05,335.94
MSFT,2023-06-06,333.68
MSFT,2023-06-07,323.38
MSFT,2023-06-08,325.26
MSFT,2023-06-09,326.79
MSFT,2023-06-12,331.85
MSFT,2023-06-13,334.29
MSFT,2023-06-14,337.34
MSFT,2023-06-15,348.1
MSFT,2023-06-16,342.33
MSFT,2023-06-20,338.05
MSFT,2023-06-21,333.56
MSFT,2023-06-22,339.71
MSFT,2023-06-23,335.02
MSFT,2023-06-26,328.6
MSFT,2023-06-27,334.57
MSFT,2023-06-28,335.85
MSFT,2023-06-29,335.05
MSFT,2023-06-30,340.54
MSFT,2023-07-03,337.99
MSFT,2023-07-05,338.15
MSFT,2023-07-06,341.27
MSFT,2023-07-07,337.22
MSFT,2023-07-10,331.83
MSFT,2023-07-11,332.47
MSFT,2023-07-12,337.2
MSFT,2023-07-13,342.66
MSFT,2023-07-14,345.24
MSFT,2023-07-17,345.73
MSFT,2023-07-18,359.49
MSFT,2023-07-19,355.08
MSFT,2023-07-20,346.87
MSFT,2023-07-21,343.77
MSFT,2023-07-24,345.11
MSFT,2023-07-25,350.98
MSFT,2023-07-26,337.77
MSFT,2023-07-27,330.72
MSFT,2023-07-28,338.37
MSFT,2023-07-31,335.92
MSFT,2023-08-01,336.34
MSFT,2023-08-02,327.5
MSFT,2023-08-03,326.66
MSFT,2023-08-04,327.78
MSFT,2023-08-07,330.11
MSFT,2023-08-08,326.05
MSFT,2023-08-09,322.23
MSFT,2023-08-10,322.93
MSFT,2023-08-11,321.01
MSFT,2023-08-14,324.04
MSFT,2023-08-15,321.86
MSFT,2023-08-16,320.4
MSFT,2023-08-17,316.88
MSFT,2023-08-18,316.48
MSFT,2023-08-21,321.88
MSFT,2023-08-22,322.46
MSFT,2023-08-23,327.0
MSFT,2023-08-24,319.97
MSFT,2023-08-25,322.98
MSFT,2023-08-28,323.7
MSFT,2023-08-29,328.41
MSFT,2023-08-30,328.79
MSFT,2023-08-31,327.76
MSFT,2023-09-01,328.66
MSFT,2023-09-05,333.55
MSFT,2023-09-06,332.88
MSFT,2023-09-07,329.91
MSFT,2023-09-08,334.27
MSFT,2023-09-11,337.94
MSFT,2023-09-12,331.77
MSFT,2023-09-13,336.06
MSFT,2023-09-14,338.7
MSFT,2023-09-15,330.22
MSFT,2023-09-18,329.06
MSFT,2023-09-19,328.65
MSFT,2023-09-20,320.77
MSFT,2023-09-21,319.53
MSFT,2023-09-22,317.01
MSFT,2023-09-25,317.54
MSFT,2023-09-26,312.14
MSFT,2023-09-27,312.79
MSFT,2023-09-28,313.64
MSFT,2023-09-29,315.75
MSFT,2023-10-02,321.8
MSFT,2023-10-03,313.39
MSFT,2023-10-04,318.96
MSFT,2023-10-05,319.36
MSFT,2023-10-06,327.26
MSFT,2023-10-09,329.82
MSFT,2023-10-10,328.39
MSFT,2023-10-11,332.42
MSFT,2023-10-12,331.16
MSFT,2023-10-13,327.73
MSFT,2023-10-16,332.64
MSFT,2023-10-17,332.06
MSFT,2023-10-18,330.11
MSFT,2023-10-19,331.32
MSFT,2023-10-20,326.67
MSFT,2023-10-23,329.32
MSFT,2023-10-24,330.53
MSFT,2023-10-25,340.67
MSFT,2023-10-26,327.89
MSFT,2023-10-27,329.81
MSFT,2023-10-30,337.31
MSFT,2023-10-31,338.11
MSFT,2023-11-01,346.07
MSFT,2023-11-02,348.32
MSFT,2023-11-03,352.8
MSFT,2023-11-06,356.53
MSFT,2023-11-07,360.53
MSFT,2023-11-08,363.2
MSFT,2023-11-09,360.69
MSFT,2023-11-10,369.67
MSFT,2023-11-13,366.68
MSFT,2023-11-14,370.27
MSFT,2023-11-15,369.67
MSFT,2023-11-16,376.17
MSFT,2023-11-17,369.85
MSFT,2023-11-20,377.44
MSFT,2023-11-21,373.07
MSFT,2023-11-22,377.85
MSFT,2023-11-24,377.43
MSFT,2023-11-27,378.61
MSFT,2023-11-28,382.7
MSFT,2023-11-29,378.85
MSFT,2023-11-30,378.91
MSFT,2023-12-01,374.51
MSFT,2023-12-04,369.14
MSFT,2023-12-05,372.52
MSFT,2023-12-06,368.8
MSFT,2023-12-07,370.95
MSFT,2023-12-08,374.23
MSFT,2023-12-11,371.3
MSFT,2023-12-12,374.38
MSFT,2023-12-13,374.37
MSFT,2023-12-14,365.93
MSFT,2023-12-15,370.73
MSFT,2023-12-18,372.65
MSFT,2023-12-19,373.26
MSFT,2023-12-20,370.62
MSFT,2023-12-21,373.54
MSFT,2023-12-22,374.58
MSFT,2023-12-26,374.66
MSFT,2023-12-27,374.07
MSFT,2023-12-28,375.28
MSFT,2023-12-29,376.04
MSFT,2024-01-02,370.87
MSFT,2024-01-03,370.6
MSFT,2024-01-04,367.94
MSFT,2024-01-05,367.75
MSFT,2024-01-08,374.69
MSFT,2024-01-09,375.79
MSFT,2024-01-10,382.77
MSFT,2024-01-11,384.63
MSFT,2024-01-12,388.47
MSFT,2024-01-16,390.27
MSFT,2024-01-17,389.47
MSFT,2024-01-18,393.87
MSFT,2024-01-19,398.67
MSFT,2024-01-22,396.51
MSFT,2024-01-23,398.9
MSFT,2024-01-24,402.56
MSFT,2024-01-25,404.87
MSFT,2024-01-26,403.93
MSFT,2024-01-29,409.72
MSFT,2024-01-30,408.59
MSFT,2024-01-31,397.58
MSFT,2024-02-01,403.78
MSFT,2024-02-02,411.22
MSFT,2024-02-05,405.65
MSFT,2024-02-06,405.49
MSFT,2024-02-07,414.05
MSFT,2024-02-08,414.11
MSFT,2024-02-09,420.55
MSFT,2024-02-12,415.26
MSFT,2024-02-13,406.32
MSFT,2024-02-14,409.49
MSFT,2024-02-15,406.56
MSFT,2024-02-16,404.06
MSFT,2024-02-20,402.79
MSFT,2024-02-21,402.18
MSFT,2024-02-22,411.65
MSFT,2024-02-23,410.34
MSFT,2024-02-26,407.54
MSFT,2024-02-27,407.48
MSFT,2024-02-28,407.72
MSFT,2024-02-29,413.64
MSFT,2024-03-01,415.5
MSFT,2024-03-04,414.92
MSFT,2024-03-05,402.65
MSFT,2024-03-06,402.09
MSFT,2024-03-07,409.14
MSFT,2024-03-08,406.22
MSFT,2024-03-11,404.52
MSFT,2024-03-12,415.28
MSFT,2024-03-13,415.1
MSFT,2024-03-14,425.22
MSFT,2024-03-15,416.42
MSFT,2024-03-18,417.32
MSFT,2024-03-19,421.41
MSFT,2024-03-20,425.23
MSFT,2024-03-21,429.37
MSFT,2024-03-22,428.74
MSFT,2024-03-25,422.86
MSFT,2024-03-26,421.65
MSFT,2024-03-27,421.43
MSFT,2024-03-28,420.72
MSFT,2024-04-01,424.57
MSFT,2024-04-02,421.44
MSFT,2024-04-03,420.45
MSFT,2024-04-04,417.88
MSFT,2024-04-05,425.52
MSFT,2024-04-08,424.59
MSFT,2024-04-09,426.28
MSFT,2024-04-10,423.26
MSFT,2024-04-11,427.93
MSFT,2024-04-12,421.9
MSFT,2024-04-15,413.64
MSFT,2024-04-16,414.58
MSFT,2024-04-17,411.84
MSFT,2024-04-18,404.27
MSFT,2024-04-19,399.12
MSFT,2024-04-22,400.96
MSFT,2024-04-23,407.57
MSFT,2024-04-24,409.06
MSFT,2024-04-25,399.04
MSFT,2024-04-26,406.32
MSFT,2024-04-29,402.25
MSFT,2024-04-30,389.33
MSFT,2024-05-01,394.94
MSFT,2024-05-02,397.84
MSFT,2024-05-03,406.66
MSFT,2024-05-06,413.54
MSFT,2024-05-07,409.34
MSFT,2024-05-08,410.54
MSFT,2024-05-09,412.32
MSFT,2024-05-10,414.74
MSFT,2024-05-13,413.72
MSFT,2024-05-14,416.56
MSFT,2024-05-15,423.08
MSFT,2024-05-16,420.99
MSFT,2024-05-17,420.21
MSFT,2024-05-20,425.34
MSFT,2024-05-21,429.04
MSFT,2024-05-22,430.52
MSFT,2024-05-23,427.0
MSFT,2024-05-24,430.16
MSFT,2024-05-28,430.32
MSFT,2024-05-29,429.17
MSFT,2024-05-30,414.67
MSFT,2024-05-31,415.13
MSFT,2024-06-03,413.52
MSFT,2024-06-04,416.07
MSFT,2024-06-05,424.01
MSFT,2024-06-06,424.52
MSFT,2024-06-07,423.85
MSFT,2024-06-10,427.87
MSFT,2024-06-11,432.68
MSFT,2024-06-12,441.06
MSFT,2024-06-13,441.58
MSFT,2024-06-14,442.57
MSFT,2024-06-17,448.37
MSFT,2024-06-18,446.34
MSFT,2024-06-20,445.7
MSFT,2024-06-21,449.78
MSFT,2024-06-24,447.67
MSFT,2024-06-25,450.95
MSFT,2024-06-26,452.16
MSFT,2024-06-27,452.85
MSFT,2024-06-28,446.95
MSFT,2024-07-01,456.73
MSFT,2024-07-02,459.28
MSFT,2024-07-03,460.77
MSFT,2024-07-05,467.56
MSFT,2024-07-08,466.24
MSFT,2024-07-09,459.54
MSFT,2024-07-10,466.25
MSFT,2024-07-11,454.7
MSFT,2024-07-12,453.55
MSFT,2024-07-15,453.96
MSFT,2024-07-16,449.52
MSFT,2024-07-17,443.52
MSFT,2024-07-18,440.37
MSFT,2024-07-19,437.11
MSFT,2024-07-22,442.94
MSFT,2024-07-23,444.85
MSFT,2024-07-24,428.9
MSFT,2024-07-25,418.4
MSFT,2024-07-26,425.27
MSFT,2024-07-29,426.73
MSFT,2024-07-30,422.92
MSFT,2024-07-31,418.35
MSFT,2024-08-01,417.11
MSFT,2024-08-02,408.49
MSFT,2024-08-05,395.15
MSFT,2024-08-06,399.61
MSFT,2024-08-07,398.43
MSFT,2024-08-08,402.69
MSFT,2024-08-09,406.02
MSFT,2024-08-12,406.81
MSFT,2024-08-13,414.01
MSFT,2024-08-14,416.86
MSFT,2024-08-15,421.03
MSFT,2024-08-16,418.47
MSFT,2024-08-19,421.53
MSFT,2024-08-20,424.8
MSFT,2024-08-21,424.14
MSFT,2024-08-22,415.55
MSFT,2024-08-23,416.79
MSFT,2024-08-26,413.49
MSFT,2024-08-27,413.84
MSFT,2024-08-28,410.6
MSFT,2024-08-29,413.12
MSFT,2024-08-30,417.14
MSFT,2024-09-03,409.44
MSFT,2024-09-04,408.9
MSFT,2024-09-05,408.39
MSFT,2024-09-06,401.7
MSFT,2024-09-09,405.72
MSFT,2024-09-10,414.2
MSFT,2024-09-11,423.04
MSFT,2024-09-12,427.0
MSFT,2024-09-13,430.59
MSFT,2024-09-16,431.34
MSFT,2024-09-17,435.15
MSFT,2024-09-18,430.81
MSFT,2024-09-19,438.69
MSFT,2024-09-20,435.27
MSFT,2024-09-23,433.51
MSFT,2024-09-24,429.17
MSFT,2024-09-25,432.11
MSFT,2024-09-26,431.31
MSFT,2024-09-27,428.02
MSFT,2024-09-30,430.3
MSFT,2024-10-01,420.69
MSFT,2024-10-02,417.13
MSFT,2024-10-03,416.54
MSFT,2024-10-04,416.06
MSFT,2024-10-07,409.54
MSFT,2024-10-08,414.71
MSFT,2024-10-09,417.46
MSFT,2024-10-10,415.84
MSFT,2024-10-11,416.32
MSFT,2024-10-14,419.14
MSFT,2024-10-15,418.74
MSFT,2024-10-16,416.12
MSFT,2024-10-17,416.72
MSFT,2024-10-18,418.16
MSFT,2024-10-21,418.78
MSFT,2024-10-22,427.51
MSFT,2024-10-23,424.6
MSFT,2024-10-24,424.73
MSFT,2024-10-25,428.15
MSFT,2024-10-28,426.59
MSFT,2024-10-29,431.95
MSFT,2024-10-30,432.53
MSFT,2024-10-31,406.35
MSFT,2024-11-01,410.37
MSFT,2024-11-04,408.46
MSFT,2024-11-05,411.46
MSFT,2024-11-06,420.18
MSFT,2024-11-07,425.43
MSFT,2024-11-08,422.54
MSFT,2024-11-11,418.01
MSFT,2024-11-12,423.03
MSFT,2024-11-13,425.2
MSFT,2024-11-14,426.89
MSFT,2024-11-15,415.0
MSFT,2024-11-18,415.76
MSFT,2024-11-19,417.79
MSFT,2024-11-20,415.49
MSFT,2024-11-21,412.87
MSFT,2024-11-22,417.0
MSFT,2024-11-25,418.79
MSFT,2024-11-26,427.99
MSFT,2024-11-27,422.99
MSFT,2024-11-29,423.46
MSFT,2024-12-02,430.98
MSFT,2024-12-03,431.2
MSFT,2024-12-04,437.42
MSFT,2024-12-05,442.62
MSFT,2024-12-06,443.57
MSFT,2024-12-09,446.02
MSFT,2024-12-10,443.33
MSFT,2024-12-11,448.99
MSFT,2024-12-12,449.56
MSFT,2024-12-13,447.27
MSFT,2024-12-16,451.59
MSFT,2024-12-17,454.46
MSFT,2024-12-18,437.39
MSFT,2024-12-19,437.03
MSFT,2024-12-20,436.6
MSFT,2024-12-23,435.25
MSFT,2024-12-24,439.33
MSFT,2024-12-26,438.11
MSFT,2024-12-27,430.53
MSFT,2024-12-30,424.83
MSFT,2024-12-31,421.5
MSFT,2025-01-02,418.58
MSFT,2025-01-03,423.35
MSFT,2025-01-06,427.85
MSFT,2025-01-07,422.37
MSFT,2025-01-08,424.56
MSFT,2025-01-10,418.95
MSFT,2025-01-13,417.19
MSFT,2025-01-14,415.67
MSFT,2025-01-15,426.31
MSFT,2025-01-16,424.58
MSFT,2025-01-17,429.03
MSFT,2025-01-21,428.5
MSFT,2025-01-22,446.2
MSFT,2025-01-23,446.71
MSFT,2025-01-24,444.06
MSFT,2025-01-27,434.56
MSFT,2025-01-28,447.2
MSFT,2025-01-29,442.33
MSFT,2025-01-30,414.99
MSFT,2025-01-31,415.06
MSFT,2025-02-03,410.92
MSFT,2025-02-04,412.37
MSFT,2025-02-05,413.29
MSFT,2025-02-06,415.82
MSFT,2025-02-07,409.75
MSFT,2025-02-10,412.22
MSFT,2025-02-11,411.44
MSFT,2025-02-12,409.04
MSFT,2025-02-13,410.54
MSFT,2025-02-14,408.43
MSFT,2025-02-18,409.64
MSFT,2025-02-19,414.77
MSFT,2025-02-20,416.13
MSFT,2025-02-21,408.21
MSFT,2025-02-24,404.0
MSFT,2025-02-25,397.9
MSFT,2025-02-26,399.73
MSFT,2025-02-27,392.53
MSFT,2025-02-28,396.99
MSFT,2025-03-03,388.49
MSFT,2025-03-04,388.61
MSFT,2025-03-05,401.02
MSFT,2025-03-06,396.89
MSFT,2025-03-07,393.31
MSFT,2025-03-10,380.16
MSFT,2025-03-11,380.45
MSFT,2025-03-12,383.27
MSFT,2025-03-13,378.77
MSFT,2025-03-14,388.56
MSFT,2025-03-17,388.7
MSFT,2025-03-18,383.52
MSFT,2025-03-19,387.82
MSFT,2025-03-20,386.84
MSFT,2025-03-21,391.26
MSFT,2025-03-24,393.08
MSFT,2025-03-25,395.16
MSFT,2025-03-26,389.97
MSFT,2025-03-27,390.58
MSFT,2025-03-28,378.8
MSFT,2025-03-31,375.39
MSFT,2025-04-01,382.19
MSFT,2025-04-02,382.14
MSFT,2025-04-03,373.11
MSFT,2025-04-04,359.84
MSFT,2025-04-07,357.86
MSFT,2025-04-08,354.56
MSFT,2025-04-09,390.49
MSFT,2025-04-10,381.35
MSFT,2025-04-11,388.45
MSFT,2025-04-14,387.81
MSFT,2025-04-15,385.73
MSFT,2025-04-16,371.61
MSFT,2025-04-17,367.78
MSFT,2025-04-21,359.12
MSFT,2025-04-22,366.82
MSFT,2025-04-23,374.39
MSFT,2025-04-24,387.3
MSFT,2025-04-25,391.85
MSFT,2025-04-28,391.16
MSFT,2025-04-29,394.04
MSFT,2025-04-30,395.26
MSFT,2025-05-01,425.4
MSFT,2025-05-02,435.28
MSFT,2025-05-05,436.17
MSFT,2025-05-06,433.31
MSFT,2025-05-07,433.35
MSFT,2025-05-08,438.17
MSFT,2025-05-09,438.73
MSFT,2025-05-12,449.26
MSFT,2025-05-13,449.14
MSFT,2025-05-14,452.94
MSFT,2025-05-15,453.13
MSFT,2025-05-16,454.27
MSFT,2025-05-19,458.87
MSFT,2025-05-20,458.17
MSFT,2025-05-21,452.57
MSFT,2025-05-22,454.86
MSFT,2025-05-23,450.18
MSFT,2025-05-27,460.69
MSFT,2025-05-28,457.36
MSFT,2025-05-29,458.68
MSFT,2025-05-30,460.36
MSFT,2025-06-02,461.97
MSFT,2025-06-03,462.97
MSFT,2025-06-04,463.87
MSFT,2025-06-05,467.68
MSFT,2025-06-06,470.38
MSFT,2025-06-09,472.75
MSFT,2025-06-10,470.92
MSFT,2025-06-11,472.62
MSFT,2025-06-12,478.87
MSFT,2025-06-13,474.96
MSFT,2025-06-16,479.14
MSFT,2025-06-17,478.04
MSFT,2025-06-18,480.24
MSFT,2025-06-20,477.4
MSFT,2025-06-23,486.0
MSFT,2025-06-24,490.11
MSFT,2025-06-25,492.27
MSFT,2025-06-26,497.45
MSFT,2025-06-27,495.94
MSFT,2025-06-30,497.41
MSFT,2025-07-01,492.05
MSFT,2025-07-02,491.09
MSFT,2025-07-03,498.84
MSFT,2025-07-07,497.72
MSFT,2025-07-08,496.62
MSFT,2025-07-09,503.51
MSFT,2025-07-10,501.48
MSFT,2025-07-11,503.32
MSFT,2025-07-14,503.02
MSFT,2025-07-15,505.82
MSFT,2025-07-16,505.62
MSFT,2025-07-17,511.7
MSFT,2025-07-18,510.05
MSFT,2025-07-21,510.06
MSFT,2025-07-22,505.27
MSFT,2025-07-23,505.87
MSFT,2025-07-24,510.88
MSFT,2025-07-25,513.71
MSFT,2025-07-28,512.5
MSFT,2025-07-29,512.57
MSFT,2025-07-30,513.24
MSFT,2025-07-31,533.5
MSFT,2025-08-01,524.11
MSFT,2025-08-04,535.64
MSFT,2025-08-05,527.75
MSFT,2025-08-06,524.94
MSFT,2025-08-07,520.84
MSFT,2025-08-08,522.04
MSFT,2025-08-11,521.77
MSFT,2025-08-12,529.24
MSFT,2025-08-13,520.58
MSFT,2025-08-14,522.48
MSFT,2025-08-15,520.17
MSFT,2025-08-18,517.1
MSFT,2025-08-19,509.77
MSFT,2025-08-20,505.72
MSFT,2025-08-21,504.24
MSFT,2025-08-22,507.23
MSFT,2025-08-25,504.26
MSFT,2025-08-26,502.04
MSFT,2025-08-27,506.74
MSFT,2025-08-28,509.64
MSFT,2025-08-29,506.69
MSFT,2025-09-02,505.12
MSFT,2025-09-03,505.35
MSFT,2025-09-04,507.97
MSFT,2025-09-05,495.0
MSFT,2025-09-08,498.2
MSFT,2025-09-09,498.41
MSFT,2025-09-10,500.37
MSFT,2025-09-11,501.01
MSFT,2025-09-12,509.9
MSFT,2025-09-15,515.36
MSFT,2025-09-16,509.04
MSFT,2025-09-17,510.02
MSFT,2025-09-18,508.45
MSFT,2025-09-19,517.93
MSFT,2025-09-22,514.45
MSFT,2025-09-23,509.23
MSFT,2025-09-24,510.15
MSFT,2025-09-25,507.03
MSFT,2025-09-26,511.46
MSFT,2025-09-29,514.6
MSFT,2025-09-30,517.95
MSFT,2025-10-01,519.71
MSFT,2025-10-02,515.74
MSFT,2025-10-03,517.35
MSFT,2025-10-06,528.57
MSFT,2025-10-07,523.98
MSFT,2025-10-08,524.85
MSFT,2025-10-09,522.4
MSFT,2025-10-10,510.96
MSFT,2025-10-13,514.05
MSFT,2025-10-14,513.57
MSFT,2025-10-15,513.43
MSFT,2025-10-16,511.61
MSFT,2025-10-17,513.58
MSFT,2025-10-20,516.79
MSFT,2025-10-21,517.66
MSFT,2025-10-22,520.54
MSFT,2025-10-23,520.56
MSFT,2025-10-24,523.61
MSFT,2025-10-27,531.52
MSFT,2025-10-28,542.07
MSFT,2025-10-29,541.55
MSFT,2025-10-30,525.76
MSFT,2025-10-31,517.81
MSFT,2025-11-03,517.03
MSFT,2025-11-04,514.33
MSFT,2025-11-05,507.16
MSFT,2025-11-06,497.1
MSFT,2025-11-07,496.82
MSFT,2025-11-10,506.0
MSFT,2025-11-11,508.68
MSFT,2025-11-12,511.14
MSFT,2025-11-13,503.29
MSFT,2025-11-14,510.18
MSFT,2025-11-17,507.49
MSFT,2025-11-18,493.79
MSFT,2025-11-19,487.12
MSFT,2025-11-20,478.43
MSFT,2025-11-21,472.12
MSFT,2025-11-24,474.0
MSFT,2025-11-25,476.99
MSFT,2025-11-26,485.5
MSFT,2025-11-28,492.01
MSFT,2025-12-01,486.74
MSFT,2025-12-02,490.0
MSFT,2025-12-03,477.73
MSFT,2025-12-04,480.84
MSFT,2025-12-05,483.16
MSFT,2025-12-08,491.02
MSFT,2025-12-09,492.02
MSFT,2025-12-10,478.56
MSFT,2025-12-11,483.47
MSFT,2025-12-12,478.53
MSFT,2025-12-15,474.82
MSFT,2025-12-16,476.39
MSFT,2025-12-17,476.12
MSFT,2025-12-18,483.98
MSFT,2025-12-19,485.92
MSFT,2025-12-22,484.92
MSFT,2025-12-23,486.85
MSFT,2025-12-24,488.02
MSFT,2025-12-26,487.71
MSFT,2025-12-29,487.1
MSFT,2025-12-30,487.48
MSFT,2025-12-31,483.62
MSFT,2026-01-02,472.94
MSFT,2026-01-05,472.85
MSFT,2026-01-06,478.51
MSFT,2026-01-07,483.47
MSFT,2026-01-08,478.11
MSFT,2026-01-09,479.28
MSFT,2026-01-12,477.18
MSFT,2026-01-13,470.67
MSFT,2026-01-14,459.38
MSFT,2026-01-15,456.66
MSFT,2026-01-16,459.86
MSFT,2026-01-20,454.52
MSFT,2026-01-21,444.11
MSFT,2026-01-22,451.14
MSFT,2026-01-23,465.95
MSFT,2026-01-26,470.28
MSFT,2026-01-27,480.58
MSFT,2026-01-28,481.63
MSFT,2026-01-29,433.5
MSFT,2026-01-30,430.29
MSFT,2026-02-02,423.37
MSFT,2026-02-03,411.21
MSFT,2026-02-04,414.19
MSFT,2026-02-05,393.67
MSFT,2026-02-06,401.14
MSFT,2026-02-09,413.6
MSFT,2026-02-10,413.27
MSFT,2026-02-11,404.37
MSFT,2026-02-12,401.84
MSFT,2026-02-13,401.32
MSFT,2026-02-17,396.86
MSFT,2026-02-18,399.6
MSFT,2026-02-19,398.46
MSFT,2026-02-20,397.23
MSFT,2026-02-23,384.47
MSFT,2026-02-24,389.0
MSFT,2026-02-25,400.6
MSFT,2026-02-26,401.72
MSFT,2026-02-27,392.74
MSFT,2026-03-02,398.55
MSFT,2026-03-03,403.93
MSFT,2026-03-04,405.2
MSFT,2026-03-05,410.68
MSFT,2026-03-06,408.96
MSFT,2026-03-09,409.41
MSFT,2026-03-10,405.76
MSFT,2026-03-11,404.88
MSFT,2026-03-12,401.86
MSFT,2026-03-13,395.55
MSFT,2026-03-16,399.95
MSFT,2026-03-17,399.41
MSFT,2026-03-18,391.79
MSFT,2026-03-19,389.02
MSFT,2026-03-20,381.87
MSFT,2026-03-23,383.0
MSFT,2026-03-24,372.74
MSFT,2026-03-25,371.04
MSFT,2026-03-26,365.97
MSFT,2026-03-27,356.77
MSFT,2026-03-30,358.96
MSFT,2026-03-31,370.17
MSFT,2026-04-01,369.37
MSFT,2026-04-02,373.46
MSFT,2026-04-06,372.88
MSFT,2026-04-07,372.29
MSFT,2026-04-08,374.33
MSFT,2026-04-09,373.07
MSFT,2026-04-10,370.87
MSFT,2026-04-13,384.37
MSFT,2026-04-14,393.11
MSFT,2026-04-15,411.22
MSFT,2026-04-16,420.26
MSFT,2026-04-17,422.79
MSFT,2026-04-20,418.07
MSFT,2026-04-21,424.16
MSFT,2026-04-22,432.92
MSFT,2026-04-23,415.75
MSFT,2026-04-24,424.62
MSFT,2026-04-27,424.82
MSFT,2026-04-28,429.25
MSFT,2026-04-29,424.46
MSFT,2026-04-30,407.78
MSFT,2026-05-01,414.44
MSFT,2026-05-04,413.62
MSFT,2026-05-05,411.38
MSFT,2026-05-06,413.96
MSFT,2026-05-07,420.77
MSFT,2026-05-08,415.12
MSFT,2026-05-11,412.66
MSFT,2026-05-12,407.77
MSFT,2026-05-13,405.21
MSFT,2026-05-14,409.43
MSFT,2026-05-15,421.92
MSFT,2026-05-18,423.54
MSFT,2026-05-19,417.42
MSFT,2026-05-20,421.06
MSFT,2026-05-21,419.09
MSFT,2026-05-22,418.57
MSFT,2026-05-26,416.03
MSFT,2026-05-27,412.67
MSFT,2026-05-28,426.99
MSFT,2026-05-29,450.24
MSFT,2026-06-01,460.52
MSFT,2026-06-02,441.31
MSFT,2026-06-03,427.34
MSFT,2026-06-04,428.05
MSFT,2026-06-05,416.67
MSFT,2026-06-08,411.74
MSFT,2026-06-09,403.41
MSFT,2026-06-10,397.36
MSFT,2026-06-11,390.34
MSFT,2026-06-12,390.74
MSFT,2026-06-15,399.76
MSFT,2026-06-16,393.83
MSFT,2026-06-17,378.91
MSFT,2026-06-18,379.4
MSFT,2026-06-22,367.34
MSFT,2026-06-23,373.94
MSFT,2026-06-24,365.46
MSFT,2026-06-25,352.83
MSFT,2026-06-26,372.97
MSFT,2026-06-29,368.57
MSFT,2026-06-30,373.02
MSFT,2026-07-01,384.28
MSFT,2026-07-02,390.49
MSFT,2026-07-06,386.74
MSFT,2026-07-07,388.84
MSFT,2026-07-08,383.34
MSFT,2026-07-09,384.36
MSFT,2026-07-10,385.1
MSFT,2026-07-13,390.99
MSFT,2026-07-14,384.93
MSFT,2026-07-15,395.63
MSFT,2026-07-16,401.1
MSFT,2026-07-17,393.82
MSFT,2026-07-20,402.29
MSFT,2026-07-21,397.75
MSFT,2026-07-22,390.34
MSFT,2026-07-23,381.58
MSFT,2026-07-24,381.7
MSFT,2026-07-27,389.1
MSFT,2026-07-28,393.35
MSFT,2026-07-29,390.54
MSFT,2026-07-30,451.1
MSFT,2026-07-31,464.72
MSFT,2026-08-03,487.65
MSFT,2026-08-04,492.81
MSFT,2026-08-05,487.46
MSFT,2026-08-06,499.86
MSFT,2026-08-07,499.99
MSFT,2026-08-10,506.06
MSFT,2026-08-11,503.81
MSFT,2026-08-12,492.43
MSFT,2026-08-13,496.88
MSFT,2026-08-14,495.4
MSFT,2026-08-17,480.35
MSFT,2026-08-18,481.63
MSFT,2026-08-19,484.31
MSFT,2026-08-20,481.15
MSFT,2026-08-21,483.24
MSFT,2026-08-24,487.31
MSFT,2026-08-25,491.71
MSFT,2026-08-26,496.37
MSFT,2026-08-27,505.06
MSFT,2026-08-28,513.53
MSFT,2026-08-31,507.29
MSFT,2026-09-01,501.02
MSFT,2026-09-02,496.82
MSFT,2026-09-03,510.12
MSFT,2026-09-04,499.7
MSFT,2026-09-08,493.95
MSFT,2026-09-09,491.65
MSFT,2026-09-10,492.44
MSFT,2026-09-11,495.63
MSFT,2026-09-14,505.41
MSFT,2026-09-15,497.12
MSFT,2026-09-16,490.3
MSFT,2026-09-17,497.75
MSFT,2026-09-18,493.78
NVDA,2022-01-03,30.121
NVDA,2022-01-04,29.29
NVDA,2022-01-05,27.604
NVDA,2022-01-06,28.178
NVDA,2022-01-07,27.247
NVDA,2022-01-10,27.4
NVDA,2022-01-11,27.817
NVDA,2022-01-12,27.999
NVDA,2022-01-13,26.575
NVDA,2022-01-14,26.942
NVDA,2022-01-18,25.903
NVDA,2022-01-19,25.067
NVDA,2022-01-20,24.15
NVDA,2022-01-21,23.374
NVDA,2022-01-24,23.372
NVDA,2022-01-25,22.324
NVDA,2022-01-26,22.772
NVDA,2022-01-27,21.944
NVDA,2022-01-28,22.84
NVDA,2022-01-31,24.486
NVDA,2022-02-01,24.638
NVDA,2022-02-02,25.242
NVDA,2022-02-03,23.948
NVDA,2022-02-04,24.319
NVDA,2022-02-07,24.728
NVDA,2022-02-08,25.108
NVDA,2022-02-09,26.705
NVDA,2022-02-10,25.824
NVDA,2022-02-11,23.949
NVDA,2022-02-14,24.267
NVDA,2022-02-15,26.495
NVDA,2022-02-16,26.511
NVDA,2022-02-17,24.507
NVDA,2022-02-18,23.642
NVDA,2022-02-22,23.39
NVDA,2022-02-23,22.387
NVDA,2022-02-24,23.748
NVDA,2022-02-25,24.157
NVDA,2022-02-28,24.385
NVDA,2022-03-01,23.477
NVDA,2022-03-02,24.22
NVDA,2022-03-03,23.714
NVDA,2022-03-04,22.936
NVDA,2022-03-07,21.352
NVDA,2022-03-08,21.514
NVDA,2022-03-09,23.014
NVDA,2022-03-10,22.658
NVDA,2022-03-11,22.1
NVDA,2022-03-14,21.33
NVDA,2022-03-15,22.973
NVDA,2022-03-16,24.496
NVDA,2022-03-17,24.766
NVDA,2022-03-18,26.453
NVDA,2022-03-21,26.734
NVDA,2022-03-22,26.524
NVDA,2022-03-23,25.634
NVDA,2022-03-24,28.15
NVDA,2022-03-25,27.692
NVDA,2022-03-28,28.219
NVDA,2022-03-29,28.656
NVDA,2022-03-30,27.69
NVDA,2022-03-31,27.286
NVDA,2022-04-01,26.712
NVDA,2022-04-04,27.36
NVDA,2022-04-05,25.931
NVDA,2022-04-06,24.407
NVDA,2022-04-07,24.208
NVDA,2022-04-08,23.119
NVDA,2022-04-11,21.917
NVDA,2022-04-12,21.504
NVDA,2022-04-13,22.203
NVDA,2022-04-14,21.258
NVDA,2022-04-18,21.783
NVDA,2022-04-19,22.198
NVDA,2022-04-20,21.482
NVDA,2022-04-21,20.183
NVDA,2022-04-22,19.515
NVDA,2022-04-25,19.902
NVDA,2022-04-26,18.788
NVDA,2022-04-27,18.415
NVDA,2022-04-28,19.782
NVDA,2022-04-29,18.547
NVDA,2022-05-02,19.533
NVDA,2022-05-03,19.602
NVDA,2022-05-04,20.334
NVDA,2022-05-05,18.844
NVDA,2022-05-06,18.675
NVDA,2022-05-09,16.95
NVDA,2022-05-10,17.595
NVDA,2022-05-11,16.63
NVDA,2022-05-12,16.175
NVDA,2022-05-13,17.706
NVDA,2022-05-16,17.264
NVDA,2022-05-17,18.177
NVDA,2022-05-18,16.938
NVDA,2022-05-19,17.124
NVDA,2022-05-20,16.694
NVDA,2022-05-23,16.898
NVDA,2022-05-24,16.154
NVDA,2022-05-25,16.975
NVDA,2022-05-26,17.851
NVDA,2022-05-27,18.811
NVDA,2022-05-31,18.672
NVDA,2022-06-01,18.32
NVDA,2022-06-02,19.592
NVDA,2022-06-03,18.72
NVDA,2022-06-06,18.786
NVDA,2022-06-07,18.926
NVDA,2022-06-08,18.648
NVDA,2022-06-09,18.048
NVDA,2022-06-10,16.974
NVDA,2022-06-13,15.647
NVDA,2022-06-14,15.836
NVDA,2022-06-15,16.527
NVDA,2022-06-16,15.601
NVDA,2022-06-17,15.88
NVDA,2022-06-21,16.566
NVDA,2022-06-22,16.36
NVDA,2022-06-23,16.225
NVDA,2022-06-24,17.126
NVDA,2022-06-27,16.869
NVDA,2022-06-28,15.982
NVDA,2022-06-29,15.542
NVDA,2022-06-30,15.159
NVDA,2022-07-01,14.523
NVDA,2022-07-05,14.964
NVDA,2022-07-06,15.13
NVDA,2022-07-07,15.858
NVDA,2022-07-08,15.838
NVDA,2022-07-11,15.152
NVDA,2022-07-12,15.082
NVDA,2022-07-13,15.164
NVDA,2022-07-14,15.372
NVDA,2022-07-15,15.762
NVDA,2022-07-18,16.101
NVDA,2022-07-19,16.992
NVDA,2022-07-20,17.807
NVDA,2022-07-21,18.05
NVDA,2022-07-22,17.319
NVDA,2022-07-25,17.024
NVDA,2022-07-26,16.533
NVDA,2022-07-27,17.79
NVDA,2022-07-28,17.984
NVDA,2022-07-29,18.163
NVDA,2022-08-01,18.441
NVDA,2022-08-02,18.526
NVDA,2022-08-03,18.893
NVDA,2022-08-04,19.215
NVDA,2022-08-05,18.989
NVDA,2022-08-08,17.793
NVDA,2022-08-09,17.086
NVDA,2022-08-10,18.097
NVDA,2022-08-11,17.942
NVDA,2022-08-12,18.709
NVDA,2022-08-15,19.032
NVDA,2022-08-16,18.879
NVDA,2022-08-17,18.335
NVDA,2022-08-18,18.773
NVDA,2022-08-19,17.849
NVDA,2022-08-22,17.034
NVDA,2022-08-23,17.181
NVDA,2022-08-24,17.222
NVDA,2022-08-25,17.913
NVDA,2022-08-26,16.26
NVDA,2022-08-29,15.801
NVDA,2022-08-30,15.468
NVDA,2022-08-31,15.094
NVDA,2022-09-01,13.937
NVDA,2022-09-02,13.647
NVDA,2022-09-06,13.465
NVDA,2022-09-07,13.714
NVDA,2022-09-08,13.99
NVDA,2022-09-09,14.387
NVDA,2022-09-12,14.505
NVDA,2022-09-13,13.131
NVDA,2022-09-14,13.128
NVDA,2022-09-15,12.929
NVDA,2022-09-16,13.198
NVDA,2022-09-19,13.382
NVDA,2022-09-20,13.176
NVDA,2022-09-21,13.261
NVDA,2022-09-22,12.561
NVDA,2022-09-23,12.516
NVDA,2022-09-26,12.228
NVDA,2022-09-27,12.413
NVDA,2022-09-28,12.736
NVDA,2022-09-29,12.22
NVDA,2022-09-30,12.139
NVDA,2022-10-03,12.512
NVDA,2022-10-04,13.167
NVDA,2022-10-05,13.209
NVDA,2022-10-06,13.13
NVDA,2022-10-07,12.076
NVDA,2022-10-10,11.67
NVDA,2022-10-11,11.586
NVDA,2022-10-12,11.5
NVDA,2022-10-13,11.96
NVDA,2022-10-14,11.227
NVDA,2022-10-17,11.888
NVDA,2022-10-18,11.967
NVDA,2022-10-19,12.051
NVDA,2022-10-20,12.194
NVDA,2022-10-21,12.466
NVDA,2022-10-24,12.599
NVDA,2022-10-25,13.261
NVDA,2022-10-26,12.896
NVDA,2022-10-27,13.176
NVDA,2022-10-28,13.834
NVDA,2022-10-31,13.497
NVDA,2022-11-01,13.543
NVDA,2022-11-02,13.219
NVDA,2022-11-03,13.421
NVDA,2022-11-04,14.156
NVDA,2022-11-07,14.301
NVDA,2022-11-08,14.602
NVDA,2022-11-09,13.776
NVDA,2022-11-10,15.75
NVDA,2022-11-11,16.327
NVDA,2022-11-14,16.295
NVDA,2022-11-15,16.666
NVDA,2022-11-16,15.91
NVDA,2022-11-17,15.677
NVDA,2022-11-18,15.409
NVDA,2022-11-21,15.317
NVDA,2022-11-22,16.038
NVDA,2022-11-23,16.519
NVDA,2022-11-25,16.27
NVDA,2022-11-28,15.827
NVDA,2022-11-29,15.639
NVDA,2022-11-30,16.923
NVDA,2022-12-01,17.135
NVDA,2022-12-02,16.876
NVDA,2022-12-05,16.61
NVDA,2022-12-06,15.987
NVDA,2022-12-07,16.12
NVDA,2022-12-08,17.169
NVDA,2022-12-09,17.001
NVDA,2022-12-12,17.535
NVDA,2022-12-13,18.072
NVDA,2022-12-14,17.674
NVDA,2022-12-15,16.952
NVDA,2022-12-16,16.571
NVDA,2022-12-19,16.254
NVDA,2022-12-20,16.085
NVDA,2022-12-21,16.501
NVDA,2022-12-22,15.339
NVDA,2022-12-23,15.206
NVDA,2022-12-27,14.121
NVDA,2022-12-28,14.036
NVDA,2022-12-29,14.603
NVDA,2022-12-30,14.614
NVDA,2023-01-03,14.315
NVDA,2023-01-04,14.749
NVDA,2023-01-05,14.265
NVDA,2023-01-06,14.859
NVDA,2023-01-09,15.628
NVDA,2023-01-10,15.909
NVDA,2023-01-11,16.001
NVDA,2023-01-12,16.511
NVDA,2023-01-13,16.899
NVDA,2023-01-17,17.702
NVDA,2023-01-18,17.377
NVDA,2023-01-19,16.765
NVDA,2023-01-20,17.839
NVDA,2023-01-23,19.193
NVDA,2023-01-24,19.265
NVDA,2023-01-25,19.323
NVDA,2023-01-26,19.802
NVDA,2023-01-27,20.365
NVDA,2023-01-30,19.162
NVDA,2023-01-31,19.537
NVDA,2023-02-01,20.943
NVDA,2023-02-02,21.709
NVDA,2023-02-03,21.1
NVDA,2023-02-06,21.089
NVDA,2023-02-07,22.173
NVDA,2023-02-08,22.205
NVDA,2023-02-09,22.337
NVDA,2023-02-10,21.265
NVDA,2023-02-13,21.788
NVDA,2023-02-14,22.971
NVDA,2023-02-15,22.764
NVDA,2023-02-16,22.002
NVDA,2023-02-17,21.388
NVDA,2023-02-21,20.655
NVDA,2023-02-22,20.754
NVDA,2023-02-23,23.664
NVDA,2023-02-24,23.286
NVDA,2023-02-27,23.501
NVDA,2023-02-28,23.216
NVDA,2023-03-01,22.698
NVDA,2023-03-02,23.314
NVDA,2023-03-03,23.89
NVDA,2023-03-06,23.554
NVDA,2023-03-07,23.288
NVDA,2023-03-08,24.181
NVDA,2023-03-09,23.436
NVDA,2023-03-10,22.965
NVDA,2023-03-13,22.966
NVDA,2023-03-14,24.063
NVDA,2023-03-15,24.228
NVDA,2023-03-16,25.541
NVDA,2023-03-17,25.725
NVDA,2023-03-20,25.9
NVDA,2023-03-21,26.199
NVDA,2023-03-22,26.468
NVDA,2023-03-23,27.191
NVDA,2023-03-24,26.779
NVDA,2023-03-27,26.531
NVDA,2023-03-28,26.41
NVDA,2023-03-29,26.984
NVDA,2023-03-30,27.383
NVDA,2023-03-31,27.777
NVDA,2023-04-03,27.965
NVDA,2023-04-04,27.453
NVDA,2023-04-05,26.881
NVDA,2023-04-06,27.037
NVDA,2023-04-10,27.579
NVDA,2023-04-11,27.169
NVDA,2023-04-12,26.495
NVDA,2023-04-13,26.463
NVDA,2023-04-14,26.758
NVDA,2023-04-17,27.002
NVDA,2023-04-18,27.667
NVDA,2023-04-19,27.931
NVDA,2023-04-20,27.104
NVDA,2023-04-21,27.119
NVDA,2023-04-24,27.042
NVDA,2023-04-25,26.241
NVDA,2023-04-26,26.956
NVDA,2023-04-27,27.226
NVDA,2023-04-28,27.749
NVDA,2023-05-01,28.91
NVDA,2023-05-02,28.21
NVDA,2023-05-03,27.802
NVDA,2023-05-04,27.562
NVDA,2023-05-05,28.68
NVDA,2023-05-08,29.151
NVDA,2023-05-09,28.571
NVDA,2023-05-10,28.885
NVDA,2023-05-11,28.578
NVDA,2023-05-12,28.34
NVDA,2023-05-15,28.953
NVDA,2023-05-16,29.213
NVDA,2023-05-17,30.178
NVDA,2023-05-18,31.678
NVDA,2023-05-19,31.264
NVDA,2023-05-22,31.176
NVDA,2023-05-23,30.688
NVDA,2023-05-24,30.538
NVDA,2023-05-25,37.98
NVDA,2023-05-26,38.946
NVDA,2023-05-30,40.111
NVDA,2023-05-31,37.834
NVDA,2023-06-01,39.77
NVDA,2023-06-02,39.327
NVDA,2023-06-05,39.171
NVDA,2023-06-06,38.654
NVDA,2023-06-07,37.475
NVDA,2023-06-08,38.51
NVDA,2023-06-09,38.77
NVDA,2023-06-12,39.482
NVDA,2023-06-13,41.022
NVDA,2023-06-14,42.997
NVDA,2023-06-15,42.653
NVDA,2023-06-16,42.692
NVDA,2023-06-20,43.808
NVDA,2023-06-21,43.045
NVDA,2023-06-22,43.025
NVDA,2023-06-23,42.209
NVDA,2023-06-26,40.632
NVDA,2023-06-27,41.876
NVDA,2023-06-28,41.117
NVDA,2023-06-29,40.822
NVDA,2023-06-30,42.302
NVDA,2023-07-03,42.413
NVDA,2023-07-05,42.317
NVDA,2023-07-06,42.103
NVDA,2023-07-07,42.503
NVDA,2023-07-10,42.18
NVDA,2023-07-11,42.405
NVDA,2023-07-12,43.902
NVDA,2023-07-13,45.977
NVDA,2023-07-14,45.469
NVDA,2023-07-17,46.461
NVDA,2023-07-18,47.494
NVDA,2023-07-19,47.077
NVDA,2023-07-20,45.52
NVDA,2023-07-21,44.309
NVDA,2023-07-24,44.612
NVDA,2023-07-25,45.679
NVDA,2023-07-26,45.452
NVDA,2023-07-27,45.9
NVDA,2023-07-28,46.75
NVDA,2023-07-31,46.729
NVDA,2023-08-01,46.507
NVDA,2023-08-02,44.269
NVDA,2023-08-03,44.515
NVDA,2023-08-04,44.68
NVDA,2023-08-07,45.417
NVDA,2023-08-08,44.664
NVDA,2023-08-09,42.554
NVDA,2023-08-10,42.388
NVDA,2023-08-11,40.855
NVDA,2023-08-14,43.753
NVDA,2023-08-15,43.94
NVDA,2023-08-16,43.486
NVDA,2023-08-17,43.344
NVDA,2023-08-18,43.299
NVDA,2023-08-21,46.967
NVDA,2023-08-22,45.668
NVDA,2023-08-23,47.116
NVDA,2023-08-24,47.163
NVDA,2023-08-25,46.018
NVDA,2023-08-28,46.835
NVDA,2023-08-29,48.784
NVDA,2023-08-30,49.264
NVDA,2023-08-31,49.355
NVDA,2023-09-01,48.509
NVDA,2023-09-05,48.548
NVDA,2023-09-06,47.061
NVDA,2023-09-07,46.241
NVDA,2023-09-08,45.572
NVDA,2023-09-11,45.178
NVDA,2023-09-12,44.87
NVDA,2023-09-13,45.485
NVDA,2023-09-14,45.581
NVDA,2023-09-15,43.9
NVDA,2023-09-18,43.966
NVDA,2023-09-19,43.52
NVDA,2023-09-20,42.239
NVDA,2023-09-21,41.017
NVDA,2023-09-22,41.61
NVDA,2023-09-25,42.222
NVDA,2023-09-26,41.911
NVDA,2023-09-27,42.468
NVDA,2023-09-28,43.089
NVDA,2023-09-29,43.499
NVDA,2023-10-02,44.782
NVDA,2023-10-03,43.517
NVDA,2023-10-04,44.041
NVDA,2023-10-05,44.688
NVDA,2023-10-06,45.762
NVDA,2023-10-09,45.273
NVDA,2023-10-10,45.798
NVDA,2023-10-11,46.806
NVDA,2023-10-12,46.945
NVDA,2023-10-13,45.461
NVDA,2023-10-16,46.095
NVDA,2023-10-17,43.938
NVDA,2023-10-18,42.196
NVDA,2023-10-19,42.101
NVDA,2023-10-20,41.387
NVDA,2023-10-23,42.975
NVDA,2023-10-24,43.663
NVDA,2023-10-25,41.779
NVDA,2023-10-26,40.326
NVDA,2023-10-27,40.5
NVDA,2023-10-30,41.161
NVDA,2023-10-31,40.78
NVDA,2023-11-01,42.325
NVDA,2023-11-02,43.506
NVDA,2023-11-03,45.005
NVDA,2023-11-06,45.751
NVDA,2023-11-07,45.955
NVDA,2023-11-08,46.574
NVDA,2023-11-09,46.95
NVDA,2023-11-10,48.335
NVDA,2023-11-13,48.62
NVDA,2023-11-14,49.656
NVDA,2023-11-15,48.888
NVDA,2023-11-16,49.48
NVDA,2023-11-17,49.298
NVDA,2023-11-20,50.409
NVDA,2023-11-21,49.944
NVDA,2023-11-22,48.716
NVDA,2023-11-24,47.776
NVDA,2023-11-27,48.242
NVDA,2023-11-28,47.821
NVDA,2023-11-29,48.14
NVDA,2023-11-30,46.77
NVDA,2023-12-01,46.765
NVDA,2023-12-04,45.51
NVDA,2023-12-05,46.566
NVDA,2023-12-06,45.503
NVDA,2023-12-07,46.596
NVDA,2023-12-08,47.506
NVDA,2023-12-11,46.627
NVDA,2023-12-12,47.657
NVDA,2023-12-13,48.088
NVDA,2023-12-14,48.35
NVDA,2023-12-15,48.89
NVDA,2023-12-18,50.077
NVDA,2023-12-19,49.604
NVDA,2023-12-20,48.111
NVDA,2023-12-21,48.99
NVDA,2023-12-22,48.83
NVDA,2023-12-26,49.279
NVDA,2023-12-27,49.417
NVDA,2023-12-28,49.522
NVDA,2023-12-29,49.522
NVDA,2024-01-02,48.168
NVDA,2024-01-03,47.569
NVDA,2024-01-04,47.998
NVDA,2024-01-05,49.097
NVDA,2024-01-08,52.253
NVDA,2024-01-09,53.14
NVDA,2024-01-10,54.35
NVDA,2024-01-11,54.822
NVDA,2024-01-12,54.71
NVDA,2024-01-16,56.382
NVDA,2024-01-17,56.053
NVDA,2024-01-18,57.107
NVDA,2024-01-19,59.491
NVDA,2024-01-22,59.654
NVDA,2024-01-23,59.873
NVDA,2024-01-24,61.362
NVDA,2024-01-25,61.617
NVDA,2024-01-26,61.031
NVDA,2024-01-29,62.465
NVDA,2024-01-30,62.774
NVDA,2024-01-31,61.527
NVDA,2024-02-01,63.027
NVDA,2024-02-02,66.16
NVDA,2024-02-05,69.332
NVDA,2024-02-06,68.223
NVDA,2024-02-07,70.099
NVDA,2024-02-08,69.641
NVDA,2024-02-09,72.133
NVDA,2024-02-12,72.248
NVDA,2024-02-13,72.128
NVDA,2024-02-14,73.9
NVDA,2024-02-15,72.658
NVDA,2024-02-16,72.613
NVDA,2024-02-20,69.452
NVDA,2024-02-21,67.472
NVDA,2024-02-22,78.538
NVDA,2024-02-23,78.817
NVDA,2024-02-26,79.092
NVDA,2024-02-27,78.701
NVDA,2024-02-28,77.663
NVDA,2024-02-29,79.112
NVDA,2024-03-01,82.279
NVDA,2024-03-04,85.237
NVDA,2024-03-05,85.964
NVDA,2024-03-06,88.7
NVDA,2024-03-07,92.669
NVDA,2024-03-08,87.528
NVDA,2024-03-11,85.774
NVDA,2024-03-12,91.913
NVDA,2024-03-13,90.888
NVDA,2024-03-14,87.944
NVDA,2024-03-15,87.837
NVDA,2024-03-18,88.455
NVDA,2024-03-19,89.398
NVDA,2024-03-20,90.372
NVDA,2024-03-21,91.435
NVDA,2024-03-22,94.289
NVDA,2024-03-25,95.002
NVDA,2024-03-26,92.561
NVDA,2024-03-27,90.25
NVDA,2024-03-28,90.356
NVDA,2024-04-01,90.363
NVDA,2024-04-02,89.452
NVDA,2024-04-03,88.964
NVDA,2024-04-04,85.905
NVDA,2024-04-05,88.008
NVDA,2024-04-08,87.133
NVDA,2024-04-09,85.354
NVDA,2024-04-10,87.039
NVDA,2024-04-11,90.616
NVDA,2024-04-12,88.186
NVDA,2024-04-15,86.001
NVDA,2024-04-16,87.415
NVDA,2024-04-17,84.035
NVDA,2024-04-18,84.671
NVDA,2024-04-19,76.2
NVDA,2024-04-22,79.518
NVDA,2024-04-23,82.423
NVDA,2024-04-24,79.677
NVDA,2024-04-25,82.632
NVDA,2024-04-26,87.735
NVDA,2024-04-29,87.757
NVDA,2024-04-30,86.402
NVDA,2024-05-01,83.041
NVDA,2024-05-02,85.817
NVDA,2024-05-03,88.789
NVDA,2024-05-06,92.14
NVDA,2024-05-07,90.554
NVDA,2024-05-08,90.412
NVDA,2024-05-09,88.747
NVDA,2024-05-10,89.878
NVDA,2024-05-13,90.399
NVDA,2024-05-14,91.356
NVDA,2024-05-15,94.63
NVDA,2024-05-16,94.359
NVDA,2024-05-17,92.479
NVDA,2024-05-20,94.78
NVDA,2024-05-21,95.386
NVDA,2024-05-22,94.95
NVDA,2024-05-23,103.799
NVDA,2024-05-24,106.469
NVDA,2024-05-28,113.901
NVDA,2024-05-29,114.825
NVDA,2024-05-30,110.5
NVDA,2024-05-31,109.633
NVDA,2024-06-03,115.0
NVDA,2024-06-04,116.437
NVDA,2024-06-05,122.44
NVDA,2024-06-06,120.998
NVDA,2024-06-07,120.888
NVDA,2024-06-10,121.79
NVDA,2024-06-11,120.91
NVDA,2024-06-12,125.2
NVDA,2024-06-13,129.61
NVDA,2024-06-14,131.88
NVDA,2024-06-17,130.98
NVDA,2024-06-18,135.58
NVDA,2024-06-20,130.78
NVDA,2024-06-21,126.57
NVDA,2024-06-24,118.11
NVDA,2024-06-25,126.09
NVDA,2024-06-26,126.4
NVDA,2024-06-27,123.99
NVDA,2024-06-28,123.54
NVDA,2024-07-01,124.3
NVDA,2024-07-02,122.67
NVDA,2024-07-03,128.28
NVDA,2024-07-05,125.83
NVDA,2024-07-08,128.2
NVDA,2024-07-09,131.38
NVDA,2024-07-10,134.91
NVDA,2024-07-11,127.4
NVDA,2024-07-12,129.24
NVDA,2024-07-15,128.44
NVDA,2024-07-16,126.36
NVDA,2024-07-17,117.99
NVDA,2024-07-18,121.09
NVDA,2024-07-19,117.93
NVDA,2024-07-22,123.54
NVDA,2024-07-23,122.59
NVDA,2024-07-24,114.25
NVDA,2024-07-25,112.28
NVDA,2024-07-26,113.06
NVDA,2024-07-29,111.59
NVDA,2024-07-30,103.73
NVDA,2024-07-31,117.02
NVDA,2024-08-01,109.21
NVDA,2024-08-02,107.27
NVDA,2024-08-05,100.45
NVDA,2024-08-06,104.25
NVDA,2024-08-07,98.91
NVDA,2024-08-08,104.97
NVDA,2024-08-09,104.75
NVDA,2024-08-12,109.02
NVDA,2024-08-13,116.14
NVDA,2024-08-14,118.08
NVDA,2024-08-15,122.86
NVDA,2024-08-16,124.58
NVDA,2024-08-19,130.0
NVDA,2024-08-20,127.25
NVDA,2024-08-21,128.5
NVDA,2024-08-22,123.74
NVDA,2024-08-23,129.37
NVDA,2024-08-26,126.46
NVDA,2024-08-27,128.3
NVDA,2024-08-28,125.61
NVDA,2024-08-29,117.59
NVDA,2024-08-30,119.37
NVDA,2024-09-03,108.0
NVDA,2024-09-04,106.21
NVDA,2024-09-05,107.21
NVDA,2024-09-06,102.83
NVDA,2024-09-09,106.47
NVDA,2024-09-10,108.1
NVDA,2024-09-11,116.91
NVDA,2024-09-12,119.14
NVDA,2024-09-13,119.1
NVDA,2024-09-16,116.78
NVDA,2024-09-17,115.59
NVDA,2024-09-18,113.37
NVDA,2024-09-19,117.87
NVDA,2024-09-20,116.0
NVDA,2024-09-23,116.26
NVDA,2024-09-24,120.87
NVDA,2024-09-25,123.51
NVDA,2024-09-26,124.04
NVDA,2024-09-27,121.4
NVDA,2024-09-30,121.44
NVDA,2024-10-01,117.0
NVDA,2024-10-02,118.85
NVDA,2024-10-03,122.85
NVDA,2024-10-04,124.92
NVDA,2024-10-07,127.72
NVDA,2024-10-08,132.89
NVDA,2024-10-09,132.65
NVDA,2024-10-10,134.81
NVDA,2024-10-11,134.8
NVDA,2024-10-14,138.07
NVDA,2024-10-15,131.6
NVDA,2024-10-16,135.72
NVDA,2024-10-17,136.93
NVDA,2024-10-18,138.0
NVDA,2024-10-21,143.71
NVDA,2024-10-22,143.59
NVDA,2024-10-23,139.56
NVDA,2024-10-24,140.41
NVDA,2024-10-25,141.54
NVDA,2024-10-28,140.52
NVDA,2024-10-29,141.25
NVDA,2024-10-30,139.34
NVDA,2024-10-31,132.76
NVDA,2024-11-01,135.4
NVDA,2024-11-04,136.05
NVDA,2024-11-05,139.91
NVDA,2024-11-06,145.61
NVDA,2024-11-07,148.88
NVDA,2024-11-08,147.63
NVDA,2024-11-11,145.26
NVDA,2024-11-12,148.29
NVDA,2024-11-13,146.27
NVDA,2024-11-14,146.76
NVDA,2024-11-15,141.98
NVDA,2024-11-18,140.15
NVDA,2024-11-19,147.01
NVDA,2024-11-20,145.89
NVDA,2024-11-21,146.67
NVDA,2024-11-22,141.95
NVDA,2024-11-25,136.02
NVDA,2024-11-26,136.92
NVDA,2024-11-27,135.34
NVDA,2024-11-29,138.25
NVDA,2024-12-02,138.63
NVDA,2024-12-03,140.26
NVDA,2024-12-04,145.14
NVDA,2024-12-05,145.06
NVDA,2024-12-06,142.44
NVDA,2024-12-09,138.81
NVDA,2024-12-10,135.07
NVDA,2024-12-11,139.31
NVDA,2024-12-12,137.34
NVDA,2024-12-13,134.25
NVDA,2024-12-16,132.0
NVDA,2024-12-17,130.39
NVDA,2024-12-18,128.91
NVDA,2024-12-19,130.68
NVDA,2024-12-20,134.7
NVDA,2024-12-23,139.67
NVDA,2024-12-24,140.22
NVDA,2024-12-26,139.93
NVDA,2024-12-27,137.01
NVDA,2024-12-30,137.49
NVDA,2024-12-31,134.29
NVDA,2025-01-02,138.31
NVDA,2025-01-03,144.47
NVDA,2025-01-06,149.43
NVDA,2025-01-07,140.14
NVDA,2025-01-08,140.11
NVDA,2025-01-10,135.91
NVDA,2025-01-13,133.23
NVDA,2025-01-14,131.76
NVDA,2025-01-15,136.24
NVDA,2025-01-16,133.57
NVDA,2025-01-17,137.71
NVDA,2025-01-21,140.83
NVDA,2025-01-22,147.07
NVDA,2025-01-23,147.22
NVDA,2025-01-24,142.62
NVDA,2025-01-27,118.42
NVDA,2025-01-28,128.99
NVDA,2025-01-29,123.7
NVDA,2025-01-30,124.65
NVDA,2025-01-31,120.07
NVDA,2025-02-03,116.66
NVDA,2025-02-04,118.65
NVDA,2025-02-05,124.83
NVDA,2025-02-06,128.68
NVDA,2025-02-07,129.84
NVDA,2025-02-10,133.57
NVDA,2025-02-11,132.8
NVDA,2025-02-12,131.14
NVDA,2025-02-13,135.29
NVDA,2025-02-14,138.85
NVDA,2025-02-18,139.4
NVDA,2025-02-19,139.23
NVDA,2025-02-20,140.11
NVDA,2025-02-21,134.43
NVDA,2025-02-24,130.28
NVDA,2025-02-25,126.63
NVDA,2025-02-26,131.28
NVDA,2025-02-27,120.15
NVDA,2025-02-28,124.92
NVDA,2025-03-03,114.06
NVDA,2025-03-04,115.99
NVDA,2025-03-05,117.3
NVDA,2025-03-06,110.57
NVDA,2025-03-07,112.69
NVDA,2025-03-10,106.98
NVDA,2025-03-11,108.76
NVDA,2025-03-12,115.74
NVDA,2025-03-13,115.58
NVDA,2025-03-14,121.67
NVDA,2025-03-17,119.53
NVDA,2025-03-18,115.43
NVDA,2025-03-19,117.52
NVDA,2025-03-20,118.53
NVDA,2025-03-21,117.7
NVDA,2025-03-24,121.41
NVDA,2025-03-25,120.69
NVDA,2025-03-26,113.76
NVDA,2025-03-27,111.43
NVDA,2025-03-28,109.67
NVDA,2025-03-31,108.38
NVDA,2025-04-01,110.15
NVDA,2025-04-02,110.42
NVDA,2025-04-03,101.8
NVDA,2025-04-04,94.31
NVDA,2025-04-07,97.64
NVDA,2025-04-08,96.3
NVDA,2025-04-09,114.33
NVDA,2025-04-10,107.57
NVDA,2025-04-11,110.93
NVDA,2025-04-14,110.71
NVDA,2025-04-15,112.2
NVDA,2025-04-16,104.49
NVDA,2025-04-17,101.49
NVDA,2025-04-21,96.91
NVDA,2025-04-22,98.89
NVDA,2025-04-23,102.71
NVDA,2025-04-24,106.43
NVDA,2025-04-25,111.01
NVDA,2025-04-28,108.73
NVDA,2025-04-29,109.02
NVDA,2025-04-30,108.92
NVDA,2025-05-01,111.61
NVDA,2025-05-02,114.5
NVDA,2025-05-05,113.82
NVDA,2025-05-06,113.54
NVDA,2025-05-07,117.06
NVDA,2025-05-08,117.37
NVDA,2025-05-09,116.65
NVDA,2025-05-12,123.0
NVDA,2025-05-13,129.93
NVDA,2025-05-14,135.34
NVDA,2025-05-15,134.83
NVDA,2025-05-16,135.4
NVDA,2025-05-19,135.57
NVDA,2025-05-20,134.38
NVDA,2025-05-21,131.8
NVDA,2025-05-22,132.83
NVDA,2025-05-23,131.29
NVDA,2025-05-27,135.5
NVDA,2025-05-28,134.81
NVDA,2025-05-29,139.19
NVDA,2025-05-30,135.13
NVDA,2025-06-02,137.38
NVDA,2025-06-03,141.22
NVDA,2025-06-04,141.92
NVDA,2025-06-05,139.99
NVDA,2025-06-06,141.72
NVDA,2025-06-09,142.63
NVDA,2025-06-10,143.96
NVDA,2025-06-11,142.83
NVDA,2025-06-12,145.0
NVDA,2025-06-13,141.97
NVDA,2025-06-16,144.69
NVDA,2025-06-17,144.12
NVDA,2025-06-18,145.48
NVDA,2025-06-20,143.85
NVDA,2025-06-23,144.17
NVDA,2025-06-24,147.9
NVDA,2025-06-25,154.31
NVDA,2025-06-26,155.02
NVDA,2025-06-27,157.75
NVDA,2025-06-30,157.99
NVDA,2025-07-01,153.3
NVDA,2025-07-02,157.25
NVDA,2025-07-03,159.34
NVDA,2025-07-07,158.24
NVDA,2025-07-08,160.0
NVDA,2025-07-09,162.88
NVDA,2025-07-10,164.1
NVDA,2025-07-11,164.92
NVDA,2025-07-14,164.07
NVDA,2025-07-15,170.7
NVDA,2025-07-16,171.37
NVDA,2025-07-17,173.0
NVDA,2025-07-18,172.41
NVDA,2025-07-21,171.38
NVDA,2025-07-22,167.03
NVDA,2025-07-23,170.78
NVDA,2025-07-24,173.74
NVDA,2025-07-25,173.5
NVDA,2025-07-28,176.75
NVDA,2025-07-29,175.51
NVDA,2025-07-30,179.27
NVDA,2025-07-31,177.87
NVDA,2025-08-01,173.72
NVDA,2025-08-04,180.0
NVDA,2025-08-05,178.26
NVDA,2025-08-06,179.42
NVDA,2025-08-07,180.77
NVDA,2025-08-08,182.7
NVDA,2025-08-11,182.06
NVDA,2025-08-12,183.16
NVDA,2025-08-13,181.59
NVDA,2025-08-14,182.02
NVDA,2025-08-15,180.45
NVDA,2025-08-18,182.01
NVDA,2025-08-19,175.64
NVDA,2025-08-20,175.4
NVDA,2025-08-21,174.98
NVDA,2025-08-22,177.99
NVDA,2025-08-25,179.81
NVDA,2025-08-26,181.77
NVDA,2025-08-27,181.6
NVDA,2025-08-28,180.17
NVDA,2025-08-29,174.18
NVDA,2025-09-02,170.78
NVDA,2025-09-03,170.62
NVDA,2025-09-04,171.66
NVDA,2025-09-05,167.02
NVDA,2025-09-08,168.31
NVDA,2025-09-09,170.76
NVDA,2025-09-10,177.33
NVDA,2025-09-11,177.17
NVDA,2025-09-12,177.82
NVDA,2025-09-15,177.75
NVDA,2025-09-16,174.88
NVDA,2025-09-17,170.29
NVDA,2025-09-18,176.24
NVDA,2025-09-19,176.67
NVDA,2025-09-22,183.61
NVDA,2025-09-23,178.43
NVDA,2025-09-24,176.97
NVDA,2025-09-25,177.69
NVDA,2025-09-26,178.19
NVDA,2025-09-29,181.85
NVDA,2025-09-30,186.58
NVDA,2025-10-01,187.24
NVDA,2025-10-02,188.89
NVDA,2025-10-03,187.62
NVDA,2025-10-06,185.54
NVDA,2025-10-07,185.04
NVDA,2025-10-08,189.11
NVDA,2025-10-09,192.57
NVDA,2025-10-10,183.16
NVDA,2025-10-13,188.32
NVDA,2025-10-14,180.03
NVDA,2025-10-15,179.83
NVDA,2025-10-16,181.81
NVDA,2025-10-17,183.22
NVDA,2025-10-20,182.64
NVDA,2025-10-21,181.16
NVDA,2025-10-22,180.28
NVDA,2025-10-23,182.16
NVDA,2025-10-24,186.26
NVDA,2025-10-27,191.49
NVDA,2025-10-28,201.03
NVDA,2025-10-29,207.04
NVDA,2025-10-30,202.89
NVDA,2025-10-31,202.49
NVDA,2025-11-03,206.88
NVDA,2025-11-04,198.69
NVDA,2025-11-05,195.21
NVDA,2025-11-06,188.08
NVDA,2025-11-07,188.15
NVDA,2025-11-10,199.05
NVDA,2025-11-11,193.16
NVDA,2025-11-12,193.8
NVDA,2025-11-13,186.86
NVDA,2025-11-14,190.17
NVDA,2025-11-17,186.6
NVDA,2025-11-18,181.36
NVDA,2025-11-19,186.52
NVDA,2025-11-20,180.64
NVDA,2025-11-21,178.88
NVDA,2025-11-24,182.55
NVDA,2025-11-25,177.82
NVDA,2025-11-26,180.26
NVDA,2025-11-28,177.0
NVDA,2025-12-01,179.92
NVDA,2025-12-02,181.46
NVDA,2025-12-03,179.59
NVDA,2025-12-04,183.38
NVDA,2025-12-05,182.41
NVDA,2025-12-08,185.55
NVDA,2025-12-09,184.97
NVDA,2025-12-10,183.78
NVDA,2025-12-11,180.93
NVDA,2025-12-12,175.02
NVDA,2025-12-15,176.29
NVDA,2025-12-16,177.72
NVDA,2025-12-17,170.94
NVDA,2025-12-18,174.14
NVDA,2025-12-19,180.99
NVDA,2025-12-22,183.69
NVDA,2025-12-23,189.21
NVDA,2025-12-24,188.61
NVDA,2025-12-26,190.53
NVDA,2025-12-29,188.22
NVDA,2025-12-30,187.54
NVDA,2025-12-31,186.5
NVDA,2026-01-02,188.85
NVDA,2026-01-05,188.12
NVDA,2026-01-06,187.24
NVDA,2026-01-07,189.11
NVDA,2026-01-08,185.04
NVDA,2026-01-09,184.86
NVDA,2026-01-12,184.94
NVDA,2026-01-13,185.81
NVDA,2026-01-14,183.14
NVDA,2026-01-15,187.05
NVDA,2026-01-16,186.23
NVDA,2026-01-20,178.07
NVDA,2026-01-21,183.32
NVDA,2026-01-22,184.84
NVDA,2026-01-23,187.67
NVDA,2026-01-26,186.47
NVDA,2026-01-27,188.52
NVDA,2026-01-28,191.52
NVDA,2026-01-29,192.51
NVDA,2026-01-30,191.13
NVDA,2026-02-02,185.61
NVDA,2026-02-03,180.34
NVDA,2026-02-04,174.19
NVDA,2026-02-05,171.88
NVDA,2026-02-06,185.41
NVDA,2026-02-09,190.04
NVDA,2026-02-10,188.54
NVDA,2026-02-11,190.05
NVDA,2026-02-12,186.94
NVDA,2026-02-13,182.81
NVDA,2026-02-17,184.97
NVDA,2026-02-18,187.98
NVDA,2026-02-19,187.9
NVDA,2026-02-20,189.82
NVDA,2026-02-23,191.55
NVDA,2026-02-24,192.85
NVDA,2026-02-25,195.56
NVDA,2026-02-26,184.89
NVDA,2026-02-27,177.19
NVDA,2026-03-02,182.48
NVDA,2026-03-03,180.05
NVDA,2026-03-04,183.04
NVDA,2026-03-05,183.34
NVDA,2026-03-06,177.82
NVDA,2026-03-09,182.65
NVDA,2026-03-10,184.77
NVDA,2026-03-11,186.03
NVDA,2026-03-12,183.14
NVDA,2026-03-13,180.25
NVDA,2026-03-16,183.22
NVDA,2026-03-17,181.93
NVDA,2026-03-18,180.4
NVDA,2026-03-19,178.56
NVDA,2026-03-20,172.7
NVDA,2026-03-23,175.64
NVDA,2026-03-24,175.2
NVDA,2026-03-25,178.68
NVDA,2026-03-26,171.24
NVDA,2026-03-27,167.52
NVDA,2026-03-30,165.17
NVDA,2026-03-31,174.4
NVDA,2026-04-01,175.75
NVDA,2026-04-02,177.39
NVDA,2026-04-06,177.64
NVDA,2026-04-07,178.1
NVDA,2026-04-08,182.08
NVDA,2026-04-09,183.91
NVDA,2026-04-10,188.63
NVDA,2026-04-13,189.31
NVDA,2026-04-14,196.51
NVDA,2026-04-15,198.87
NVDA,2026-04-16,198.35
NVDA,2026-04-17,201.68
NVDA,2026-04-20,202.06
NVDA,2026-04-21,199.88
NVDA,2026-04-22,202.5
NVDA,2026-04-23,199.64
NVDA,2026-04-24,208.27
NVDA,2026-04-27,216.61
NVDA,2026-04-28,213.17
NVDA,2026-04-29,209.25
NVDA,2026-04-30,199.57
NVDA,2026-05-01,198.45
NVDA,2026-05-04,198.48
NVDA,2026-05-05,196.5
NVDA,2026-05-06,207.83
NVDA,2026-05-07,211.5
NVDA,2026-05-08,215.2
NVDA,2026-05-11,219.44
NVDA,2026-05-12,220.78
NVDA,2026-05-13,225.83
NVDA,2026-05-14,235.74
NVDA,2026-05-15,225.32
NVDA,2026-05-18,222.32
NVDA,2026-05-19,220.61
NVDA,2026-05-20,223.47
NVDA,2026-05-21,219.51
NVDA,2026-05-22,215.33
NVDA,2026-05-26,214.86
NVDA,2026-05-27,212.6
NVDA,2026-05-28,214.25
NVDA,2026-05-29,211.14
NVDA,2026-06-01,224.36
NVDA,2026-06-02,222.82
NVDA,2026-06-03,214.75
NVDA,2026-06-04,218.66
NVDA,2026-06-05,205.1
NVDA,2026-06-08,208.64
NVDA,2026-06-09,208.19
NVDA,2026-06-10,200.42
NVDA,2026-06-11,204.87
NVDA,2026-06-12,205.19
NVDA,2026-06-15,212.45
NVDA,2026-06-16,207.41
NVDA,2026-06-17,204.65
NVDA,2026-06-18,210.69
NVDA,2026-06-22,208.65
NVDA,2026-06-23,200.04
NVDA,2026-06-24,199.0
NVDA,2026-06-25,195.74
NVDA,2026-06-26,192.53
NVDA,2026-06-29,194.97
NVDA,2026-06-30,200.09
NVDA,2026-07-01,197.58
NVDA,2026-07-02,194.83
NVDA,2026-07-06,195.55
NVDA,2026-07-07,196.93
NVDA,2026-07-08,204.12
NVDA,2026-07-09,202.78
NVDA,2026-07-10,210.96
NVDA,2026-07-13,203.53
NVDA,2026-07-14,211.8
NVDA,2026-07-15,212.5
NVDA,2026-07-16,207.4
NVDA,2026-07-17,202.81
NVDA,2026-07-20,203.28
NVDA,2026-07-21,207.29
NVDA,2026-07-22,212.06
NVDA,2026-07-23,208.76
NVDA,2026-07-24,206.84
NVDA,2026-07-27,196.51
NVDA,2026-07-28,197.01
NVDA,2026-07-29,190.01
NVDA,2026-07-30,195.04
NVDA,2026-07-31,200.75
NVDA,2026-08-03,206.64
NVDA,2026-08-04,211.94
NVDA,2026-08-05,219.22
NVDA,2026-08-06,218.99
NVDA,2026-08-07,223.96
NVDA,2026-08-10,217.55
NVDA,2026-08-11,217.5
NVDA,2026-08-12,224.09
NVDA,2026-08-13,225.3
NVDA,2026-08-14,225.16
NVDA,2026-08-17,225.01
NVDA,2026-08-18,219.74
NVDA,2026-08-19,217.56
NVDA,2026-08-20,216.85
NVDA,2026-08-21,214.72
NVDA,2026-08-24,208.48
NVDA,2026-08-25,213.05
NVDA,2026-08-26,209.66
NVDA,2026-08-27,227.98
NVDA,2026-08-28,217.55
NVDA,2026-08-31,220.78
NVDA,2026-09-01,217.44
NVDA,2026-09-02,224.41
NVDA,2026-09-03,228.45
NVDA,2026-09-04,230.36
NVDA,2026-09-08,225.73
NVDA,2026-09-09,223.67
NVDA,2026-09-10,218.36
NVDA,2026-09-11,218.29
NVDA,2026-09-14,210.96
NVDA,2026-09-15,212.17
NVDA,2026-09-16,213.9
NVDA,2026-09-17,219.34
NVDA,2026-09-18,222.27
